patID,t_win,NNmean,NNmedian,NNmode,NNvar,NNskew,NNkurt,SDNN,NNiqr,RMSSD,pnn50,beatsdetected,WinFlagTime,ulf,vlf,lf,hf,lfhf,ttlpwr,WinFlagFreq,ac,dc
nsr001,0,0.67498,0.68,0.728,0.0032344,-0.11512,2.66232,0.056872,0.088,0.020121,1,443,1,0.00076944,0.0026184,0.0014164,0.00012125,11.68,0.0049256,5,-7.677,7.7279
nsr001,30,0.66023,0.664,0.68,0.0036703,0.18053,2.42774,0.060583,0.096,0.019689,1,454,1,0.0013182,0.0027725,0.0013964,0.00011007,12.69,0.0055971,5,-7.525,7.6779
nsr001,60,0.65305,0.656,0.584,0.0034317,0.32483,2.6791,0.058581,0.096,0.019539,1,458,1,0.0010564,0.0028431,0.0011965,9.698e-05,12.34,0.005193,5,-6.4606,6.5
nsr001,90,0.65028,0.656,0.672,0.0031693,0.39594,3.00771,0.056296,0.088,0.019421,1,460,1,0.00057761,0.0030142,0.001047,9.9079e-05,10.57,0.0047379,5,-5.5472,5.9367
nsr001,120,0.65241,0.656,0.584,0.0032491,0.22944,2.57916,0.057001,0.096,0.01901,1,459,1,0.00028884,0.0034908,0.00099051,8.5505e-05,11.58,0.0048556,5,-5.2025,5.758
nsr001,150,0.66135,0.664,0.728,0.0032992,-0.004617,2.42707,0.057438,0.104,0.020011,1,453,1,0.00085419,0.0032523,0.00074475,9.6604e-05,7.71,0.0049479,5,-5.039,4.966
nsr001,180,0.65621,0.656,0.728,0.0031026,0.18326,2.62445,0.055701,0.096,0.019368,1,456,1,0.00049101,0.0034329,0.00061559,8.821e-05,6.98,0.0046277,5,-5.0519,4.3087
nsr001,210,0.65089,0.648,0.648,0.0029209,0.39686,2.9227,0.054045,0.088,0.018919,1,460,1,0.00037819,0.0032693,0.00059384,8.8029e-05,6.75,0.0043294,5,-4.649,3.5163
nsr001,240,0.64788,0.64,0.64,0.0026945,0.49635,3.28982,0.051909,0.064,0.018555,1,462,1,0.00052403,0.0030197,0.000375,8.1825e-05,4.58,0.0040005,5,-3.9167,3.4051
nsr001,270,0.64475,0.64,0.64,0.0023437,0.28715,2.38346,0.048412,0.064,0.015656,1,465,1,0.00080647,0.002486,0.0002187,4.8096e-05,4.55,0.0035592,5,-3.5616,3.519
nsr001,300,0.65203,0.648,0.64,0.0019765,0.2274,2.53584,0.044458,0.056,0.015736,1,460,1,0.00030579,0.0023569,0.00023181,5.7134e-05,4.06,0.0029516,5,-3.7733,3.8452
nsr001,330,0.661,0.656,0.64,0.0014001,0.42885,2.85006,0.037418,0.048,0.015551,1,453,1,0.00022831,0.0014628,0.00027279,6.4522e-05,4.23,0.0020285,5,-4.068,3.745
nsr001,360,0.65761,0.648,0.64,0.0014248,0.64244,2.76227,0.037746,0.04,0.015401,1,457,1,0.00052574,0.0012873,0.00022317,5.6582e-05,3.94,0.0020927,5,-3.8255,3.4267
nsr001,390,0.65083,0.64,0.64,0.0016269,0.64037,2.85098,0.040335,0.048,0.014981,1,461,1,0.00065633,0.0014415,0.00028994,5.9029e-05,4.91,0.0024468,5,-3.9477,3.2105
nsr001,420,0.63956,0.64,0.64,0.0011734,0.67411,3.52644,0.034255,0.04,0.014875,1,469,1,0.00037036,0.0010646,0.00026597,5.8247e-05,4.57,0.0017592,5,-3.8726,3.3806
nsr001,450,0.63193,0.632,0.624,0.00066056,-0.025301,2.4566,0.025701,0.032,0.013298,1,474,1,0.00018738,0.00056393,0.00020434,4.5496e-05,4.49,0.0010011,5,-3.4323,3.3333
nsr001,480,0.63109,0.632,0.64,0.00068382,0.011269,2.37839,0.02615,0.032,0.01348,1,474,1,0.00019742,0.00057986,0.00021039,4.6781e-05,4.5,0.0010345,5,-3.1899,3.2515
nsr001,510,0.62685,0.624,0.64,0.00079075,0.11387,2.20191,0.02812,0.04,0.013444,1,478,1,0.0003123,0.00065676,0.00020574,4.7082e-05,4.37,0.0012219,5,-3.3006,3.1758
nsr001,540,0.61737,0.616,0.616,0.0012264,-0.1305,2.42038,0.03502,0.048,0.013176,1,485,1,0.00065211,0.0011188,0.00020373,4.8464e-05,4.2,0.0020231,5,-3.3095,2.6548
nsr001,570,0.60815,0.608,0.616,0.0015082,0.026803,2.15762,0.038836,0.056,0.012967,1,492,1,0.0010263,0.0012694,0.00019992,4.7811e-05,4.18,0.0025434,5,-3.1235,2.2326
nsr001,600,0.59902,0.6,0.616,0.0014295,0.0855,2.17734,0.037809,0.056,0.012768,1,500,1,0.0010005,0.0011944,0.00019729,3.2289e-05,6.11,0.0024245,5,-2.9455,2.1503
nsr001,630,0.59424,0.6,0.616,0.0012326,0.19687,3.09902,0.035109,0.048,0.014423,1,504,1,0.00048656,0.0010836,0.00038194,5.5988e-05,6.82,0.0020081,5,-3.0061,3.0449
nsr001,660,0.59528,0.6,0.616,0.0012953,0.17224,2.92324,0.03599,0.048,0.014461,1,502,1,0.00033964,0.0013405,0.00035775,5.4559e-05,6.56,0.0020924,5,-3.7572,3.44
nsr001,690,0.59505,0.6,0.616,0.0012944,0.16109,2.89403,0.035977,0.064,0.014521,1,503,1,0.00030438,0.0014071,0.00032056,5.3838e-05,5.95,0.0020859,5,-3.8256,3.6404
nsr001,720,0.59025,0.592,0.552,0.0014233,0.28897,2.75512,0.037726,0.056,0.014159,1,507,1,0.00014569,0.0017458,0.00036722,5.0649e-05,7.25,0.0023094,5,-4.0351,3.6364
nsr001,750,0.587,0.584,0.552,0.0013162,0.42431,3.08852,0.036279,0.056,0.01463,1,509,1,6.1144e-05,0.0016259,0.00036834,5.5428e-05,6.65,0.0021108,5,-4.0357,3.7427
nsr001,780,0.58517,0.584,0.6,0.0011926,0.48098,3.54014,0.034534,0.048,0.014574,1,512,1,0.00017362,0.0013482,0.00034701,4.9051e-05,7.07,0.0019179,5,-4.1156,4.0682
nsr001,810,0.5842,0.58,0.56,0.0012062,0.56955,3.55863,0.03473,0.048,0.014767,1,512,1,0.00024891,0.0012684,0.00036343,5.8902e-05,6.17,0.0019396,5,-4.5952,4.4068
nsr001,840,0.58656,0.584,0.6,0.0011624,0.47072,3.64323,0.034094,0.048,0.01519,1,510,1,0.00010894,0.0012696,0.00040225,6.8177e-05,5.9,0.001849,5,-4.4571,4.2747
nsr001,870,0.58883,0.584,0.576,0.001057,0.46882,4.07866,0.032512,0.04,0.015078,1,508,1,7.946e-05,0.0011109,0.00040998,6.5846e-05,6.23,0.0016661,5,-4.659,4.5955
nsr001,900,0.58758,0.584,0.576,0.0010406,0.59776,4.15116,0.032258,0.04,0.015123,1,510,1,0.00028288,0.00092545,0.00038592,6.5326e-05,5.91,0.0016596,5,-4.4142,4.0571
nsr001,930,0.57972,0.576,0.576,0.001082,0.024597,2.6603,0.032893,0.04,0.013793,1,516,1,0.00048968,0.0010692,0.0002264,5.9916e-05,3.78,0.0018452,5,-3.7073,3.2159
nsr001,960,0.57233,0.568,0.56,0.00093522,0.14657,2.70931,0.030581,0.04,0.013785,1,523,1,0.00049528,0.00084373,0.00021207,3.7801e-05,5.61,0.0015889,5,-3.4731,3.1492
nsr001,990,0.56591,0.56,0.544,0.00085932,0.34635,2.78127,0.029314,0.04,0.013519,1,528,1,0.00058195,0.0006772,0.00017188,3.3309e-05,5.16,0.0014643,5,-3.3176,2.9524
nsr001,1020,0.56212,0.56,0.544,0.00095574,0.40197,2.67832,0.030915,0.048,0.013822,1,532,1,0.000946,0.00055287,0.00015183,3.3163e-05,4.58,0.0016839,5,-3.1839,2.5397
nsr001,1050,0.554,0.552,0.544,0.00099642,0.42709,2.65209,0.031566,0.048,0.013258,1,541,1,0.0010385,0.00058201,0.00014674,2.8614e-05,5.13,0.0017958,5,-3.0057,2.4227
nsr001,1080,0.54454,0.544,0.544,0.00086925,0.47408,2.94828,0.029483,0.048,0.013268,1,550,1,0.0009022,0.0005182,0.00013302,2.3295e-05,5.71,0.0015767,5,-2.6257,2.3109
nsr001,1110,0.53757,0.536,0.512,0.00072169,0.5508,2.85518,0.026864,0.048,0.013232,1,557,1,0.00073641,0.00041685,0.00012393,1.9135e-05,6.48,0.0012963,5,-2.6222,2.3854
nsr001,1140,0.53123,0.528,0.512,0.00055677,0.53077,2.47291,0.023596,0.032,0.013128,1,564,1,0.00054511,0.00035725,7.1213e-05,1.4764e-05,4.82,0.00098834,5,-2.4809,2.1224
nsr001,1170,0.52427,0.52,0.512,0.00042305,0.51742,2.59511,0.020568,0.028,0.013164,1,572,1,0.00038614,0.00027405,5.5393e-05,1.7473e-05,3.17,0.00073306,5,-2.4064,2.0388
nsr001,1200,0.51992,0.512,0.512,0.00033747,0.63207,2.90669,0.01837,0.024,0.013382,1,576,1,0.00025973,0.00022046,6.6801e-05,1.2129e-05,5.51,0.00055912,5,-2.3037,2.1627
nsr001,1230,0.51834,0.512,0.512,0.00028425,0.66031,3.20018,0.01686,0.024,0.013239,1,579,1,0.00020181,0.00020378,4.0827e-05,8.8251e-06,4.63,0.00045524,5,-2.4145,2.0683
nsr001,1260,0.51561,0.512,0.512,0.00018757,0.30235,2.7447,0.013696,0.024,0.013036,1,581,1,7.038e-05,0.0001415,4.611e-05,8.4061e-06,5.49,0.0002664,5,-2.2929,2.19
nsr001,1290,0.51382,0.512,0.512,0.00014301,0.16245,2.92855,0.011959,0.016,0.013124,1,584,1,1.8403e-05,9.7855e-05,5.0977e-05,9.0733e-06,5.62,0.00017631,5,-2.3434,2.3249
nsr001,1320,0.51285,0.512,0.512,0.00013101,0.11892,2.95364,0.011446,0.016,0.013287,1,585,1,1.4924e-05,7.7875e-05,5.0718e-05,8.2898e-06,6.12,0.00015181,5,-2.4308,2.3015
nsr001,1350,0.51327,0.512,0.512,0.00013066,0.064764,2.95573,0.01143,0.016,0.013216,1,584,1,2.0678e-05,7.8449e-05,4.5347e-05,8.6291e-06,5.26,0.0001531,5,-2.5026,2.2255
nsr001,1380,0.51584,0.512,0.512,0.00022632,2.2332,16.5976,0.015044,0.016,0.013876,1,581,1,5.3586e-05,0.00015406,8.0552e-05,2.7159e-05,2.97,0.00031535,5,-2.5579,2.2146
nsr001,1410,0.51589,0.512,0.512,0.0002458,1.9713,14.7067,0.015678,0.016,0.014417,1,582,1,4.5587e-05,0.00019616,7.3828e-05,2.327e-05,3.17,0.00033884,5,-2.7423,2.3365
nsr001,1440,0.51338,0.512,0.52,0.00031479,1.2808,10.5395,0.017742,0.016,0.014578,1,584,1,4.6983e-05,0.00032452,7.8833e-05,2.2815e-05,3.46,0.00047315,5,-2.7282,2.4532
nsr001,1470,0.51212,0.512,0.52,0.00039593,0.71151,9.58546,0.019898,0.016,0.017555,1,585,1,0.00010782,0.00037304,7.029e-05,3.5048e-05,2.01,0.0005862,5,-2.7653,2.4752
nsr001,1500,0.51204,0.512,0.52,0.00039531,0.73559,9.62845,0.019882,0.016,0.017381,1,584,1,0.00011709,0.0003699,6.5816e-05,3.8402e-05,1.71,0.00059121,5,-2.9036,2.4216
nsr001,1530,0.51056,0.512,0.52,0.00041865,0.78112,8.93739,0.020461,0.024,0.017154,1,585,1,0.00013543,0.00037914,8.5812e-05,3.977e-05,2.16,0.00064015,5,-3.0825,2.3173
nsr001,1560,0.50928,0.512,0.52,0.00043633,0.81728,8.49121,0.020889,0.024,0.017369,1,588,1,0.00011781,0.00042016,8.8349e-05,4.2776e-05,2.07,0.0006691,5,-2.9192,2.3697
nsr001,1590,0.51118,0.512,0.52,0.0005872,0.99089,6.42452,0.024232,0.024,0.017453,1,583,1,8.8203e-05,0.00070537,9.0401e-05,4.6508e-05,1.94,0.00093048,5,-2.8673,2.5024
nsr001,1620,0.5098,0.504,0.504,0.00058921,1.1309,6.62619,0.024274,0.024,0.017285,1,583,1,5.9988e-05,0.00073529,9.0701e-05,4.7125e-05,1.92,0.00093311,5,-2.89,2.5196
nsr001,1650,0.51091,0.504,0.504,0.00062285,0.9811,5.85079,0.024957,0.032,0.017325,1,582,1,9.6765e-05,0.00075713,9.7022e-05,4.938e-05,1.96,0.0010003,5,-2.9254,2.549
nsr001,1680,0.51207,0.504,0.504,0.00066535,0.66574,3.81087,0.025794,0.032,0.01681,1,579,1,0.00029984,0.00066958,0.00010691,4.1748e-05,2.56,0.0011181,5,-2.6633,2.478
nsr001,1710,0.51592,0.512,0.496,0.0008497,0.6104,3.10931,0.02915,0.04,0.016253,1,574,1,0.00058051,0.00080681,8.3859e-05,3.4991e-05,2.4,0.0015062,5,-2.715,2.5882
nsr001,1740,0.51964,0.52,0.504,0.00076764,0.4632,3.30712,0.027706,0.04,0.016077,1,571,1,0.00041399,0.00078578,9.1224e-05,3.9182e-05,2.33,0.0013302,5,-2.9062,2.3301
nsr001,1770,0.52716,0.52,0.504,0.00079816,0.42909,2.44252,0.028252,0.04,0.013022,1,563,1,0.00043157,0.00086683,9.6992e-05,3.0432e-05,3.19,0.0014258,5,-2.627,2.4314
nsr001,1800,0.53205,0.528,0.528,0.00087876,0.23874,2.28838,0.029644,0.04,0.013081,1,559,1,0.00047969,0.00098597,8.9692e-05,2.8425e-05,3.16,0.0015838,5,-2.7104,2.5146
nsr001,1830,0.53897,0.536,0.528,0.00087635,0.02376,2.11757,0.029603,0.044,0.013235,1,552,1,0.00047072,0.00098165,9.7757e-05,2.9423e-05,3.32,0.0015796,5,-2.8814,2.5842
nsr001,1860,0.54877,0.544,0.528,0.0011,0.43247,3.14068,0.033166,0.048,0.013471,1,542,1,0.00064468,0.0010713,0.00017722,4.5922e-05,3.86,0.0019391,5,-3.25,2.5829
nsr001,1890,0.55106,0.552,0.568,0.0010522,0.36778,3.17504,0.032438,0.048,0.013339,1,542,1,0.00070542,0.00097403,0.00015438,3.5566e-05,4.34,0.0018694,5,-3.3099,2.7716
nsr001,1920,0.55799,0.56,0.568,0.00078365,0.53867,3.70986,0.027994,0.04,0.013565,1,537,1,0.000377,0.00075308,0.000161,3.394e-05,4.74,0.001325,5,-3.462,2.8788
nsr001,1950,0.56126,0.56,0.568,0.00070578,0.45448,4.0476,0.026566,0.032,0.013325,1,533,1,0.00020329,0.00075821,0.0001787,3.1163e-05,5.73,0.0011714,5,-3.4471,2.7435
nsr001,1980,0.5635,0.568,0.568,0.00067142,0.37625,4.15259,0.025912,0.032,0.012992,1,533,1,0.0001642,0.00076136,0.00016155,2.7724e-05,5.83,0.0011148,5,-3.4491,2.8342
nsr001,2010,0.56213,0.56,0.568,0.00066669,0.52877,4.25092,0.02582,0.032,0.012661,1,534,1,0.00016203,0.0007454,0.00016099,3.0372e-05,5.3,0.0010988,5,-3.3413,2.8715
nsr001,2040,0.56378,0.56,0.568,0.00061396,0.57389,5.06265,0.024778,0.032,0.014946,1,531,1,0.00017992,0.00057457,0.00017647,5.6074e-05,3.15,0.00098704,5,-3.6071,2.8671
nsr001,2070,0.56021,0.56,0.568,0.0007096,0.53344,4.49426,0.026638,0.032,0.014665,1,534,1,0.00035027,0.00060576,0.00017132,5.5915e-05,3.06,0.0011833,5,-3.5503,3.0118
nsr001,2100,0.56298,0.56,0.568,0.00088419,0.74569,4.22013,0.029735,0.032,0.015123,1,531,1,0.00026476,0.00089732,0.00021639,6.4946e-05,3.33,0.0014434,5,-3.5294,3.0118
nsr001,2130,0.56896,0.56,0.568,0.0013994,0.80147,3.18456,0.037408,0.04,0.015196,1,524,1,0.00037026,0.0015771,0.00023749,7.644e-05,3.11,0.0022612,5,-3.2262,2.9586
nsr001,2160,0.57259,0.56,0.56,0.0018615,0.92969,3.2076,0.043146,0.04,0.015751,1,519,1,0.00091311,0.0018535,0.00019322,8.0987e-05,2.39,0.0030408,5,-2.9518,3.3256
nsr001,2190,0.57828,0.568,0.568,0.0021109,0.59083,2.3901,0.045945,0.08,0.015898,1,512,1,0.0014798,0.0017875,0.00019595,8.1269e-05,2.41,0.0035445,5,-3.0667,3.3827
nsr001,2220,0.58474,0.568,0.536,0.0023671,0.2778,1.88854,0.048653,0.088,0.015685,1,507,1,0.0020518,0.0017306,0.00021035,7.9253e-05,2.65,0.004072,5,-3.0964,3.4321
nsr001,2250,0.59296,0.6,0.632,0.0026572,0.03143,1.73101,0.051548,0.096,0.016176,1,498,1,0.0024766,0.0018079,0.00023584,8.9731e-05,2.63,0.00461,5,-3.0833,3.5854
nsr001,2280,0.59862,0.616,0.632,0.0027691,-0.23491,1.70059,0.052622,0.096,0.018953,1,492,1,0.0025378,0.0019094,0.00025601,0.00010101,2.53,0.0048042,5,-3.497,4.0359
nsr001,2310,0.60959,0.624,0.632,0.0025596,-0.65619,2.21938,0.050592,0.088,0.019002,1,484,1,0.0018903,0.0021859,0.00026568,0.00010593,2.51,0.0044479,5,-3.7439,4.4419
nsr001,2340,0.62167,0.632,0.64,0.0019665,-1.0891,3.34995,0.044345,0.032,0.017514,1,474,1,0.00094702,0.0020841,0.00026935,7.9374e-05,3.39,0.0033798,5,-3.6522,4.3158
nsr001,2370,0.63703,0.64,0.632,0.00097885,-1.1729,5.37582,0.031287,0.032,0.017643,1,463,1,0.00017673,0.00094152,0.00030399,8.0921e-05,3.76,0.0015032,5,-3.7407,4.1557
nsr001,2400,0.64639,0.648,0.648,0.00061747,-0.088295,4.52851,0.024849,0.032,0.017205,1,457,1,0.0001539,0.00041361,0.00020363,6.4002e-05,3.18,0.00083514,5,-4.0127,4.3558
nsr001,2430,0.65148,0.648,0.648,0.00082126,0.022781,3.63129,0.028658,0.04,0.017611,1,455,1,0.00038945,0.00048909,0.00020728,6.7506e-05,3.07,0.0011533,5,-3.9871,4.3
nsr001,2460,0.65471,0.656,0.648,0.00084832,-0.14157,3.44739,0.029126,0.048,0.016415,1,453,1,0.00056895,0.0004151,0.00019169,6.6034e-05,2.9,0.0012418,5,-3.9484,3.9379
nsr001,2490,0.66033,0.664,0.672,0.00087011,-0.28231,4.23584,0.029498,0.04,0.020483,1,451,1,0.00055859,0.00038919,0.00018289,8.6806e-05,2.11,0.0012175,5,-4.0671,4.1282
nsr001,2520,0.66652,0.672,0.688,0.00086479,-0.592,4.61464,0.029407,0.04,0.020665,1,447,1,0.00055101,0.0003908,0.00017612,8.3553e-05,2.11,0.0012015,5,-4,3.5443
nsr001,2550,0.67058,0.672,0.688,0.00080352,-0.75399,5.20062,0.028347,0.04,0.020633,1,446,1,0.00052022,0.00039315,0.00013127,7.0504e-05,1.86,0.0011151,5,-3.1701,2.8974
nsr001,2580,0.67786,0.68,0.688,0.00058347,-0.4763,3.90251,0.024155,0.032,0.018178,1,442,1,0.00030711,0.00031524,0.00011805,5.974e-05,1.98,0.00080014,5,-2.8514,2.6579
nsr001,2610,0.68202,0.688,0.688,0.00047648,-0.59068,4.90262,0.021829,0.024,0.01828,1,439,1,0.00014653,0.0003061,0.00010474,5.7793e-05,1.81,0.00061516,5,-2.8219,2.3333
nsr001,2640,0.68573,0.688,0.688,0.00034537,-0.5794,7.03167,0.018584,0.024,0.018178,1,437,1,3.5419e-05,0.00022728,8.3713e-05,5.4259e-05,1.54,0.00040067,5,-2.7347,2.2568
nsr001,2670,0.68953,0.688,0.688,0.00032061,-0.66577,8.15792,0.017906,0.024,0.018277,1,434,1,1.5907e-05,0.00020905,8.5219e-05,4.9708e-05,1.71,0.00035989,5,-2.3776,2.0267
nsr001,2700,0.69364,0.696,0.696,0.00032619,-0.25428,8.21176,0.018061,0.024,0.018642,1,431,1,4.5166e-05,0.0001828,7.1294e-05,5.7782e-05,1.23,0.00035705,5,-2.507,2.1793
nsr001,2730,0.69429,0.696,0.696,0.00035786,-0.10462,7.64925,0.018917,0.024,0.018502,1,431,1,6.5907e-05,0.00021378,7.0512e-05,5.666e-05,1.24,0.00040686,5,-2.7397,2.6069
nsr001,2760,0.69385,0.696,0.696,0.00037789,-0.12654,7.01426,0.019439,0.024,0.018799,1,432,1,2.9586e-05,0.00026783,7.3757e-05,5.8191e-05,1.27,0.00042937,5,-2.4295,2.6174
nsr001,2790,0.69324,0.696,0.696,0.00034771,0.13751,3.61993,0.018647,0.024,0.014289,1,432,1,2.0442e-05,0.00031032,6.6649e-05,3.5813e-05,1.86,0.00043322,5,-2.4768,2.6577
nsr001,2820,0.69213,0.696,0.696,0.00036824,0.18601,3.4191,0.01919,0.024,0.014341,1,432,1,3.9157e-05,0.00030556,8.1589e-05,3.8146e-05,2.14,0.00046445,5,-2.7703,2.8767
nsr001,2850,0.6932,0.696,0.696,0.00037334,0.083405,3.33916,0.019322,0.024,0.014101,1,432,1,2.1324e-05,0.00032485,9.0256e-05,3.8644e-05,2.34,0.00047507,5,-2.8108,3.0822
nsr001,2880,0.69424,0.696,0.696,0.00041497,0.12286,3.08811,0.020371,0.024,0.013963,1,431,1,8.0888e-06,0.00037503,0.00011085,4.0266e-05,2.75,0.00053424,5,-2.6309,3.0548
nsr001,2910,0.69673,0.696,0.696,0.00041359,0.081971,2.83583,0.020337,0.032,0.01413,1,428,1,2.4798e-05,0.00036264,0.00010135,3.9222e-05,2.58,0.00052801,5,-2.3129,2.979
nsr001,2940,0.69753,0.696,0.696,0.0004002,0.078437,2.80732,0.020005,0.032,0.014134,1,429,1,3.48e-05,0.00033667,0.00010381,3.7454e-05,2.77,0.00051273,5,-2.3026,2.8921
nsr001,2970,0.69574,0.696,0.696,0.0004272,0.10741,2.79888,0.020669,0.032,0.014112,1,430,1,1.3468e-05,0.00036756,0.00013349,3.9036e-05,3.42,0.00055355,5,-2.3709,2.4823
nsr001,3000,0.69149,0.688,0.688,0.00044274,-0.076213,3.23005,0.021041,0.024,0.013641,1,433,1,2.5311e-05,0.00036884,0.0001573,3.3573e-05,4.69,0.00058503,5,-2.2621,2.4397
nsr001,3030,0.69129,0.688,0.688,0.00041079,-0.24565,3.05468,0.020268,0.024,0.013317,1,433,1,3.7301e-05,0.0003259,0.00014789,3.3666e-05,4.39,0.00054476,5,-2.3885,2.8345
nsr001,3060,0.69099,0.688,0.688,0.00042124,-0.22948,2.95044,0.020524,0.024,0.013294,1,433,1,4.2579e-05,0.00031227,0.00017171,3.42e-05,5.02,0.00056076,5,-2.5037,2.9065
nsr001,3090,0.69038,0.688,0.688,0.00043327,-0.18161,2.82361,0.020815,0.026,0.013205,1,433,1,9.1408e-05,0.0002891,0.00017162,3.2326e-05,5.31,0.00058445,5,-2.3121,2.8971
nsr001,3120,0.69154,0.688,0.688,0.00043011,-0.25736,2.89007,0.020739,0.024,0.013016,1,432,1,0.0001006,0.00028896,0.00015855,3.5619e-05,4.45,0.00058374,5,-2.3714,2.7704
nsr001,3150,0.68959,0.688,0.688,0.00044665,-0.16489,2.79814,0.021134,0.032,0.013007,1,433,1,9.1746e-05,0.00032472,0.00015616,3.4098e-05,4.58,0.00060672,5,-2.5143,2.7111
nsr001,3180,0.68717,0.688,0.688,0.00041089,-0.07768,2.87284,0.02027,0.032,0.013264,1,435,1,3.7593e-05,0.00030149,0.00016608,4.424e-05,3.75,0.00054941,5,-2.8529,3.1704
nsr001,3210,0.68531,0.688,0.688,0.00035898,-0.1145,3.11341,0.018947,0.024,0.013415,1,437,1,4.1644e-06,0.00025621,0.00017117,4.118e-05,4.16,0.00047272,5,-2.8855,3.5909
nsr001,3240,0.68459,0.688,0.688,0.00034625,-0.10553,3.2037,0.018608,0.024,0.013316,1,437,1,1.9617e-06,0.0002456,0.00016737,3.9636e-05,4.22,0.00045456,5,-2.8029,3.1642
nsr001,3270,0.68503,0.688,0.688,0.00033115,-0.10669,3.33409,0.018197,0.024,0.013194,1,437,1,6.9325e-06,0.00023658,0.00015192,3.7821e-05,4.02,0.00043325,5,-2.6143,2.9275
nsr001,3300,0.68752,0.688,0.688,0.00030738,0.12883,2.82309,0.017532,0.032,0.013341,1,435,1,1.713e-05,0.00020383,0.0001341,3.7474e-05,3.58,0.00039254,5,-2.8028,2.8657
nsr001,3330,0.68752,0.688,0.688,0.00031505,0.15654,2.78488,0.01775,0.032,0.013588,1,435,1,5.0994e-05,0.00018116,0.00013652,3.6862e-05,3.7,0.00040554,5,-2.705,2.9635
nsr001,3360,0.68864,0.688,0.688,0.00029879,0.11976,2.88307,0.017286,0.024,0.01328,1,435,1,3.4477e-05,0.00019206,0.00011929,3.6479e-05,3.27,0.0003823,5,-2.7737,2.7536
nsr001,3390,0.68947,0.688,0.688,0.00029217,0.016595,3.09767,0.017093,0.024,0.013096,1,435,1,6.876e-06,0.00018601,0.00014194,3.8777e-05,3.66,0.0003736,5,-2.9265,2.9853
nsr001,3420,0.68774,0.688,0.68,0.00028838,0.1478,3.12525,0.016982,0.016,0.013062,1,435,1,2.0994e-05,0.00016186,0.00014712,3.7484e-05,3.93,0.00036746,5,-3.3185,3.0647
nsr001,3450,0.68935,0.688,0.68,0.00027887,0.18478,2.94477,0.016699,0.024,0.013467,1,434,1,5.7598e-06,0.00015389,0.00014596,4.4588e-05,3.27,0.0003502,5,-2.8905,2.7211
nsr001,3480,0.68866,0.688,0.68,0.00030788,-0.028181,3.24705,0.017547,0.024,0.014047,1,434,1,1.8573e-05,0.00013578,0.00019029,4.6046e-05,4.13,0.00039069,5,-3.1857,2.7483
nsr001,3510,0.68981,0.688,0.68,0.00033461,-0.0012739,3.14016,0.018292,0.024,0.013668,1,434,1,8.4271e-06,0.00020451,0.00017405,4.3696e-05,3.98,0.00043068,5,-3.4412,3.3014
nsr001,3540,0.69204,0.692,0.68,0.00036618,-0.096873,2.94305,0.019136,0.024,0.013749,1,432,1,2.832e-05,0.00022969,0.00017003,5.0659e-05,3.36,0.00047869,5,-3.3043,3.2933
nsr001,3570,0.69319,0.696,0.704,0.00038437,-0.22329,2.8444,0.019605,0.024,0.013824,1,432,1,4.9343e-05,0.00022943,0.00017784,5.0272e-05,3.54,0.00050688,5,-3.2587,3.2617
nsr001,3600,0.69393,0.696,0.68,0.00039335,-0.23419,2.85258,0.019833,0.032,0.01384,1,432,1,8.1993e-05,0.00022294,0.00016834,4.9291e-05,3.42,0.00052256,5,-3.2552,3.4028
nsr001,3630,0.69387,0.696,0.704,0.00038524,-0.23317,2.92314,0.019627,0.032,0.013497,1,431,1,0.0001059,0.00020082,0.00016221,4.9385e-05,3.28,0.00051832,5,-3.0135,3.2245
nsr001,3660,0.69473,0.696,0.704,0.00039194,-0.2941,2.98075,0.019798,0.032,0.013985,1,430,1,0.00010108,0.00020921,0.00015548,5.6806e-05,2.74,0.00052258,5,-2.9189,3.0946
nsr001,3690,0.69609,0.696,0.704,0.00040123,-0.39775,3.02617,0.020031,0.032,0.013943,1,428,1,6.1335e-05,0.00026005,0.00014357,6.2672e-05,2.29,0.00052763,5,-2.8533,3.3427
nsr001,3720,0.68941,0.696,0.704,0.001011,-1.2787,4.20513,0.031797,0.032,0.014372,1,432,1,0.00031282,0.00093718,0.0001778,7.1387e-05,2.49,0.0014992,5,-3.2368,3.2714
nsr001,3750,0.6769,0.696,0.704,0.0020583,-1.0166,2.83148,0.045368,0.056,0.014045,1,439,1,0.0013589,0.001643,0.00017525,7.8757e-05,2.23,0.0032559,5,-3.1282,3.1408
nsr001,3780,0.66423,0.688,0.704,0.0032133,-0.72161,2.01408,0.056686,0.104,0.013494,1,447,1,0.0030446,0.0020329,0.00018187,7.3793e-05,2.46,0.0053332,5,-3.0875,2.8276
nsr001,3810,0.64664,0.68,0.704,0.0043191,-0.36071,1.51972,0.06572,0.12,0.013628,1,459,1,0.0048848,0.0021909,0.00017482,7.3728e-05,2.37,0.0073243,5,-3.0299,2.4698
nsr001,3840,0.62765,0.616,0.704,0.0050261,-0.026643,1.38839,0.070895,0.136,0.01358,1,473,1,0.006243,0.0021431,0.00015022,6.9425e-05,2.16,0.0086058,5,-3.0178,2.2839
nsr001,3870,0.61073,0.592,0.536,0.0050485,0.33496,1.51287,0.071053,0.144,0.013255,1,484,1,0.006457,0.0019665,0.00012123,6.5944e-05,1.84,0.0086107,5,-2.9767,2.1274
nsr001,3900,0.59392,0.568,0.536,0.0045165,0.69819,1.99371,0.067205,0.12,0.013535,1,496,1,0.0055747,0.0018722,0.00013232,7.1482e-05,1.85,0.0076506,5,-3.093,2.4557
nsr001,3930,0.58314,0.568,0.536,0.0034334,1.065,3.00156,0.058595,0.072,0.014218,1,505,1,0.0035645,0.001878,0.00012483,7.3471e-05,1.7,0.0056408,5,-2.9133,2.4756
nsr001,3960,0.57176,0.56,0.536,0.0021768,1.4939,5.03565,0.046656,0.056,0.014013,1,515,1,0.0016818,0.0015183,0.00018569,7.4799e-05,2.48,0.0034606,5,-2.6971,2.2651
nsr001,3990,0.56712,0.56,0.536,0.001289,1.0347,4.83454,0.035902,0.056,0.015081,1,521,1,0.00058273,0.0012302,0.0001936,4.4758e-05,4.33,0.0020513,5,-2.8343,2.9123
nsr001,4020,0.565,0.56,0.536,0.0010974,1.151,6.15518,0.033127,0.056,0.014745,1,525,1,0.00055132,0.0010336,0.0001401,3.9603e-05,3.54,0.0017646,5,-2.9257,2.977
nsr001,4050,0.56622,0.56,0.536,0.0011846,1.0549,5.36306,0.034418,0.056,0.014881,1,525,1,0.00085777,0.00090507,0.00014868,4.1833e-05,3.55,0.0019533,5,-2.8571,3.093
nsr001,4080,0.56805,0.56,0.536,0.0012094,0.90057,4.96673,0.034776,0.056,0.014717,1,524,1,0.0010345,0.00079504,0.00016097,3.9581e-05,4.07,0.0020301,5,-2.9294,3.2455
nsr001,4110,0.5733,0.576,0.592,0.0012397,0.55756,4.38312,0.03521,0.056,0.01451,1,519,1,0.0010166,0.00085179,0.00018655,4.4123e-05,4.23,0.002099,5,-3.0482,3.4132
nsr001,4140,0.57889,0.584,0.592,0.0010675,0.4693,5.1556,0.032673,0.04,0.014391,1,514,1,0.00061974,0.0008948,0.00020736,4.4949e-05,4.61,0.0017669,5,-3.061,3.2695
nsr001,4170,0.58854,0.592,0.592,0.0010848,0.37024,4.78694,0.032936,0.04,0.014827,1,507,1,0.00037069,0.0010986,0.0002571,4.7003e-05,5.47,0.0017734,5,-2.9193,3.5273
nsr001,4200,0.59789,0.592,0.592,0.00082601,0.8771,5.17936,0.02874,0.04,0.014743,1,501,1,0.00015198,0.00074979,0.0003271,4.3676e-05,7.49,0.0012726,5,-3.038,3.4938
nsr001,4230,0.60372,0.6,0.6,0.00086963,0.64305,4.30429,0.029489,0.04,0.014224,1,497,1,0.00021721,0.00077622,0.00032149,4.464e-05,7.2,0.0013596,5,-3.1358,3.4819
nsr001,4260,0.60976,0.608,0.6,0.00071147,0.72409,4.82459,0.026673,0.032,0.014108,1,492,1,0.00020968,0.0004937,0.00033487,4.5077e-05,7.43,0.0010833,5,-2.8025,2.7205
nsr001,4290,0.61192,0.608,0.6,0.00078821,0.38123,2.65627,0.028075,0.04,0.013351,1,490,1,0.00047364,0.00048581,0.00025885,3.2488e-05,7.97,0.0012508,5,-2.8679,3.0186
nsr001,4320,0.61684,0.616,0.6,0.00083631,0.19659,2.52214,0.028919,0.048,0.013563,1,486,1,0.00050548,0.0004802,0.00029446,4.7657e-05,6.18,0.0013278,5,-2.9877,3.1125
nsr001,4350,0.62284,0.624,0.64,0.00097758,0.2723,2.8969,0.031266,0.04,0.014005,1,481,1,0.00061778,0.00054857,0.00033284,5.5096e-05,6.04,0.0015543,5,-3.1801,3.9136
nsr001,4380,0.63007,0.632,0.64,0.00094817,0.14836,2.98637,0.030792,0.04,0.014316,1,476,1,0.00054195,0.00056995,0.00033466,4.6885e-05,7.14,0.0014934,5,-3.5125,4.0759
nsr001,4410,0.63257,0.632,0.64,0.00084669,0.077377,3.47022,0.029098,0.032,0.014265,1,474,1,0.00030142,0.00059232,0.00035775,4.9689e-05,7.2,0.0013012,5,-3.6933,4
nsr001,4440,0.63988,0.64,0.64,0.00073667,0.73782,4.06262,0.027142,0.032,0.015071,1,469,1,9.0446e-05,0.00051028,0.00040293,5.5487e-05,7.26,0.0010591,5,-3.7625,3.8726
nsr001,4470,0.64031,0.64,0.64,0.00077939,0.65583,3.82535,0.027918,0.032,0.015017,1,469,1,7.7202e-05,0.00061236,0.00037842,5.8108e-05,6.51,0.0011261,5,-4.0617,4.3205
nsr001,4500,0.6419,0.64,0.64,0.00072523,0.78591,3.78812,0.02693,0.032,0.014796,1,467,1,3.2972e-05,0.00057407,0.00036643,6.0495e-05,6.06,0.001034,5,-4.3975,4.5677
nsr001,4530,0.64393,0.64,0.64,0.00074439,0.68027,3.45761,0.027284,0.032,0.014653,1,466,1,1.1264e-05,0.00061763,0.00037691,6.0262e-05,6.25,0.0010661,5,-4.6962,4.5375
nsr001,4560,0.64809,0.64,0.632,0.00077533,0.52312,3.12537,0.027845,0.032,0.015137,1,463,1,1.5278e-05,0.00064151,0.00038682,6.5966e-05,5.86,0.0011096,5,-4.5065,4.3312
nsr001,4590,0.65097,0.648,0.632,0.00085504,0.45158,2.76059,0.029241,0.04,0.014723,1,461,1,9.2636e-05,0.00068133,0.00040304,6.1665e-05,6.54,0.0012387,5,-4.9103,4.7051
nsr001,4620,0.65261,0.648,0.64,0.00083637,0.40075,2.8108,0.02892,0.04,0.014833,1,460,1,0.00010746,0.0006415,0.00039557,6.3829e-05,6.2,0.0012084,5,-4.8153,4.4615
nsr001,4650,0.65467,0.648,0.632,0.00092336,0.37528,2.6927,0.030387,0.04,0.014781,1,458,1,0.00023255,0.00064713,0.00040466,6.4566e-05,6.27,0.0013489,5,-4.7308,4.6923
nsr001,4680,0.65668,0.656,0.632,0.00097146,0.26308,2.48875,0.031168,0.048,0.014378,1,457,1,0.00035365,0.00064907,0.00038364,6.0303e-05,6.36,0.0014467,5,-5.1304,5.5871
nsr001,4710,0.66095,0.656,0.64,0.00093006,0.17703,2.60213,0.030497,0.04,0.015138,1,454,1,0.00019567,0.00064726,0.00043448,7.3708e-05,5.89,0.0013511,5,-5.0186,5.4737
nsr001,4740,0.66285,0.664,0.64,0.00080144,0.087302,2.72621,0.02831,0.04,0.014778,1,452,1,0.00020561,0.00056609,0.00032659,6.3859e-05,5.11,0.0011622,5,-4.9481,5.5395
nsr001,4770,0.66587,0.664,0.656,0.00077235,0.33104,2.6858,0.027791,0.04,0.0147,1,450,1,0.0001042,0.00057335,0.00035022,6.4919e-05,5.39,0.0010927,5,-4.9007,5.8503
nsr001,4800,0.66608,0.664,0.656,0.00076751,0.32187,2.68653,0.027704,0.04,0.015045,1,450,1,6.0861e-05,0.00057026,0.00038405,6.0664e-05,6.33,0.0010758,5,-5.2468,5.8873
nsr001,4830,0.66361,0.664,0.648,0.00085697,0.2931,2.61173,0.029274,0.04,0.015157,1,452,1,0.00018252,0.00061255,0.00037081,5.9575e-05,6.22,0.0012255,5,-5.1824,5.8014
nsr001,4860,0.6634,0.664,0.656,0.0008173,0.31343,2.77722,0.028589,0.04,0.014797,1,452,1,0.00017077,0.00058344,0.00035716,5.7216e-05,6.24,0.0011686,5,-4.3544,5.0563
nsr001,4890,0.66471,0.664,0.656,0.00090289,0.37032,2.73301,0.030048,0.04,0.015033,1,451,1,6.4405e-05,0.00076733,0.0003829,5.8786e-05,6.51,0.0012734,5,-4.5256,5.6338
nsr001,4920,0.66558,0.664,0.672,0.00092471,0.30953,2.6586,0.030409,0.04,0.01494,1,450,1,9.3652e-05,0.00079033,0.00036263,6.6018e-05,5.49,0.0013126,5,-4.7179,5.5036
nsr001,4950,0.66173,0.664,0.672,0.00087373,0.42213,2.83554,0.029559,0.04,0.014557,1,454,1,3.1558e-05,0.00081812,0.00033399,5.5083e-05,6.06,0.0012388,5,-4.671,5.0496
nsr001,4980,0.66119,0.664,0.664,0.00085086,0.42886,2.90296,0.029169,0.04,0.014848,1,453,1,1.8168e-05,0.00081422,0.00031349,5.2904e-05,5.93,0.0011988,5,-4.6928,5.0922
nsr001,5010,0.65809,0.656,0.664,0.00089121,0.3114,2.99973,0.029853,0.036,0.014173,1,456,1,1.3682e-05,0.00089611,0.00030904,5.6248e-05,5.49,0.0012751,5,-4.3355,4.4085
nsr001,5040,0.6557,0.656,0.64,0.0011081,0.31836,2.84963,0.033288,0.04,0.013872,1,458,1,3.1252e-05,0.0012151,0.00031902,4.6003e-05,6.93,0.0016114,5,-4.0125,3.986
nsr001,5070,0.65698,0.656,0.664,0.0011168,0.21986,2.71954,0.033418,0.048,0.014137,1,457,1,2.7705e-05,0.0013046,0.00025174,4.4248e-05,5.69,0.0016283,5,-3.8861,4.2133
nsr001,5100,0.65828,0.656,0.664,0.0011113,0.14334,2.70846,0.033337,0.048,0.014217,1,456,1,1.058e-05,0.0013333,0.00023328,4.3738e-05,5.33,0.0016209,5,-3.6981,4.3243
nsr001,5130,0.66262,0.664,0.664,0.0011243,-0.036815,2.65985,0.033531,0.04,0.014407,1,453,1,5.1334e-05,0.0013136,0.00023432,4.3969e-05,5.33,0.0016432,5,-3.8089,4.2953
nsr001,5160,0.66038,0.664,0.664,0.0011959,0.039311,2.5131,0.034582,0.042,0.014525,1,453,1,4.5856e-05,0.0014068,0.00025294,4.8826e-05,5.18,0.0017544,5,-3.5443,3.2448
nsr001,5190,0.65616,0.656,0.664,0.0010385,0.10235,2.70348,0.032226,0.048,0.014153,1,455,1,2.1688e-06,0.0012266,0.0002462,3.9193e-05,6.28,0.0015142,5,-3.0196,3.2617
nsr001,5220,0.65304,0.656,0.664,0.0010802,0.15896,2.62206,0.032867,0.04,0.014334,1,457,1,3.375e-05,0.0012628,0.00024991,3.3028e-05,7.57,0.0015795,5,-3.0323,3.3113
nsr001,5250,0.65393,0.656,0.664,0.0011049,0.096436,2.53515,0.033241,0.048,0.01466,1,456,1,3.218e-05,0.0012694,0.00028639,3.2255e-05,8.88,0.0016202,5,-3.2278,3.2848
nsr001,5280,0.65191,0.648,0.656,0.0010484,0.22215,2.75122,0.032379,0.04,0.014508,1,458,1,2.378e-05,0.0011975,0.00027596,3.2992e-05,8.36,0.0015302,5,-2.8987,3.2857
nsr001,5310,0.65484,0.656,0.656,0.00099784,0.17141,2.81026,0.031589,0.04,0.014748,1,455,1,3.6366e-05,0.0010148,0.0003543,4.1751e-05,8.49,0.0014472,5,-2.805,3.3333
nsr001,5340,0.65706,0.656,0.656,0.00080926,0.14253,2.77959,0.028448,0.032,0.014779,1,454,1,7.3111e-05,0.00065556,0.00038913,4.1397e-05,9.4,0.0011592,5,-3.2436,3.5065
nsr001,5370,0.65262,0.656,0.656,0.00084821,0.017121,2.46127,0.029124,0.04,0.014393,1,457,1,5.5567e-06,0.00083276,0.00035756,3.5593e-05,10.05,0.0012315,5,-3.4487,3.8255
nsr001,5400,0.6491,0.648,0.664,0.0009131,0.12968,2.40358,0.030218,0.048,0.014052,1,459,1,3.5602e-05,0.00091708,0.00035321,3.3745e-05,10.47,0.0013396,5,-3.5823,3.1974
nsr001,5430,0.64408,0.64,0.664,0.00082939,0.14795,2.46831,0.028799,0.04,0.013902,1,461,1,0.00011337,0.00067844,0.00039194,3.8199e-05,10.26,0.0012219,5,-3.1538,3.1975
nsr001,5460,0.6406,0.64,0.608,0.00091312,0.27004,2.33757,0.030218,0.048,0.014107,1,466,1,0.00028752,0.00072827,0.00031659,3.5032e-05,9.04,0.0013674,5,-3.3049,3.3711
nsr001,5490,0.63923,0.64,0.64,0.00088102,0.36152,2.4977,0.029682,0.04,0.014048,1,468,1,0.00025908,0.00075452,0.00026373,3.4355e-05,7.68,0.0013117,5,-2.7952,2.9756
nsr001,5520,0.63899,0.64,0.624,0.00083975,0.40769,2.6101,0.028978,0.04,0.014381,1,468,1,0.00030872,0.00067565,0.00023143,3.1483e-05,7.35,0.0012473,5,-2.897,2.7875
nsr001,5550,0.63197,0.632,0.624,0.0010843,0.070323,3.02341,0.032929,0.048,0.014176,1,472,1,0.00044667,0.0010078,0.00020085,3.7632e-05,5.34,0.0016929,5,-3.3452,2.9448
nsr001,5580,0.62876,0.624,0.624,0.0010654,0.1778,3.45656,0.032641,0.04,0.016164,1,474,1,0.00035902,0.0010237,0.00018637,5.1038e-05,3.65,0.0016202,5,-3.1043,2.8221
nsr001,5610,0.62289,0.624,0.616,0.00096173,0.37671,3.83095,0.031012,0.032,0.016171,1,477,1,0.00023589,0.00096576,0.00019227,5.0656e-05,3.8,0.0014446,5,-3.0061,2.4151
nsr001,5640,0.62076,0.616,0.616,0.00081733,0.10421,4.14036,0.028589,0.032,0.01884,1,477,1,3.6458e-05,0.00083303,0.00021433,7.2083e-05,2.97,0.0011559,5,-2.6951,2.6258
nsr001,5670,0.6268,0.624,0.616,0.0013147,0.73649,4.43358,0.036259,0.032,0.018951,1,472,1,0.00029851,0.001349,0.00018241,7.0829e-05,2.58,0.0019008,5,-2.642,3
nsr001,5700,0.63359,0.624,0.616,0.001669,0.49979,3.21015,0.040854,0.048,0.019027,1,467,1,0.00077855,0.0014249,0.00020924,7.676e-05,2.73,0.0024895,5,-3.2375,3.2821
nsr001,5730,0.64177,0.632,0.616,0.0021748,0.3578,2.52939,0.046635,0.064,0.019123,1,462,1,0.0015143,0.0014646,0.00024752,8.7013e-05,2.84,0.0033134,5,-3.2564,3.8693
nsr001,5760,0.65434,0.64,0.632,0.0028198,0.20013,2.28875,0.053101,0.08,0.019217,1,453,1,0.0024195,0.0015562,0.00025625,9.9556e-05,2.57,0.0043316,5,-3.5733,4.1611
nsr001,5790,0.6622,0.664,0.632,0.0032311,-0.022599,2.01406,0.056842,0.096,0.01924,1,445,1,0.0030948,0.0016185,0.00024394,9.8558e-05,2.48,0.0050558,5,-3.4342,4.1644
nsr001,5820,0.67205,0.688,0.72,0.0035765,-0.28095,1.98227,0.059804,0.102,0.019386,1,439,1,0.0034963,0.0017878,0.00026422,0.000115,2.3,0.0056634,5,-3.4422,4.2917
nsr001,5850,0.68746,0.704,0.72,0.0027854,-0.5217,2.29448,0.052776,0.088,0.019737,1,429,1,0.0024233,0.0014772,0.00026762,0.00010559,2.53,0.0042737,5,-3.7266,4.6338
nsr001,5880,0.69802,0.712,0.712,0.0022636,-0.91595,3.14945,0.047578,0.056,0.018007,1,423,1,0.0015646,0.0015255,0.0002872,9.2082e-05,3.12,0.0034694,5,-3.6667,4.6901
nsr001,5910,0.70173,0.712,0.712,0.0018899,-1.0126,3.86939,0.043473,0.056,0.018016,1,422,1,0.00054294,0.0017365,0.00034232,0.00011653,2.94,0.0027383,5,-4.1295,4.4789
nsr001,5940,0.69303,0.712,0.712,0.0031313,-1.0083,2.87452,0.055958,0.056,0.014717,1,428,1,0.0016852,0.0029421,0.00025271,8.4736e-05,2.98,0.0049648,5,-4.0265,3.6454
nsr001,5970,0.67814,0.704,0.576,0.0043605,-0.56392,1.76727,0.066034,0.136,0.014577,1,438,1,0.0036637,0.0030629,0.00025057,6.4029e-05,3.91,0.0070411,5,-3.5921,3.1862
nsr001,6000,0.66783,0.704,0.576,0.0049224,-0.23166,1.36804,0.07016,0.136,0.014566,1,445,1,0.0049436,0.0027378,0.00023643,5.6909e-05,4.15,0.0079747,5,-3.2078,2.9178
nsr001,6030,0.662,0.672,0.576,0.0047874,-0.051475,1.36792,0.069191,0.136,0.015038,1,449,1,0.0043718,0.0029133,0.0002963,6.3011e-05,4.7,0.0076444,5,-3.3836,3.4167
nsr001,6060,0.65235,0.648,0.576,0.0041699,0.1807,1.50004,0.064574,0.12,0.015368,1,456,1,0.0031898,0.0029149,0.00035066,7.8678e-05,4.46,0.006534,5,-3.6914,4.1486
nsr001,6090,0.64536,0.64,0.576,0.0036378,0.36998,1.75094,0.060314,0.112,0.016,1,463,1,0.0021282,0.0030578,0.00033005,6.6931e-05,4.93,0.0055829,5,-3.5882,3.9342
nsr001,6120,0.63964,0.64,0.576,0.002899,0.3785,1.926,0.053842,0.086,0.015814,1,467,1,0.0010437,0.0029368,0.00032577,6.8852e-05,4.73,0.0043752,5,-3.6879,4.0503
nsr001,6150,0.63303,0.632,0.576,0.0021767,0.37842,2.1665,0.046655,0.072,0.015623,1,474,1,0.00051085,0.0023836,0.00033738,6.0385e-05,5.59,0.0032922,5,-3.6854,4.0244
nsr001,6180,0.62418,0.624,0.576,0.0015024,0.30151,2.16447,0.038761,0.064,0.015611,1,480,1,0.00057478,0.0013286,0.00037167,5.0822e-05,7.31,0.0023259,5,-3.6045,4.3436
nsr001,6210,0.62342,0.624,0.576,0.0013798,0.21871,2.01703,0.037146,0.064,0.015714,1,481,1,0.00070606,0.0010496,0.00034856,5.2377e-05,6.65,0.0021566,5,-4.0116,4.7143
nsr001,6240,0.62344,0.624,0.576,0.0013962,0.17137,2.05683,0.037366,0.064,0.015634,1,482,1,0.00047557,0.0012221,0.00040393,5.6675e-05,7.13,0.0021582,5,-4.2105,4.7024
nsr001,6270,0.62629,0.624,0.6,0.0012278,0.1782,2.25916,0.035039,0.056,0.015679,1,479,1,0.00042445,0.0010176,0.00039502,5.4614e-05,7.23,0.0018917,5,-4.2907,4.759
nsr001,6300,0.62567,0.624,0.6,0.0012218,0.21443,2.28262,0.034954,0.056,0.015627,1,479,1,0.0007504,0.00079481,0.00031941,5.836e-05,5.47,0.001923,5,-3.9763,3.7006
nsr001,6330,0.6218,0.616,0.608,0.0010392,0.24195,2.24703,0.032236,0.048,0.015073,1,481,1,0.0006512,0.00068768,0.00025192,4.5446e-05,5.54,0.0016363,5,-3.8537,3.7093
nsr001,6360,0.62522,0.624,0.6,0.0012489,0.24646,2.12281,0.035339,0.056,0.014569,1,478,1,0.00045987,0.0011739,0.0002422,4.2122e-05,5.75,0.0019181,5,-3.5443,3.7895
nsr001,6390,0.63227,0.624,0.6,0.0020436,0.67541,2.79092,0.045206,0.064,0.01393,1,473,1,0.00086444,0.0018878,0.00026113,4.7605e-05,5.49,0.003061,5,-3.451,3.5952
nsr001,6420,0.63736,0.624,0.6,0.0027263,0.68525,2.34459,0.052214,0.08,0.013415,1,469,1,0.0018246,0.0020503,0.00025754,4.1446e-05,6.21,0.0041739,5,-3.2368,3.4691
nsr001,6450,0.64399,0.624,0.6,0.0033634,0.48793,1.80155,0.057995,0.104,0.013069,1,463,1,0.0031135,0.0019404,0.00020593,4.4102e-05,4.67,0.0053039,5,-3.2,3.6442
nsr001,6480,0.65456,0.632,0.6,0.0038841,0.17956,1.44883,0.062322,0.12,0.013502,1,456,1,0.0041262,0.0018816,0.00017811,4.5343e-05,3.93,0.0062313,5,-2.7324,3.3416
nsr001,6510,0.66571,0.68,0.736,0.0043556,-0.082799,1.37315,0.065997,0.128,0.013283,1,449,1,0.0049006,0.0018576,0.00025716,5.3686e-05,4.79,0.0070691,5,-2.8936,3.3902
nsr001,6540,0.68119,0.712,0.736,0.0037383,-0.44027,1.5815,0.061141,0.12,0.013611,1,438,1,0.0038182,0.0019205,0.00020144,6.7374e-05,2.99,0.0060076,5,-2.7338,3.2658
nsr001,6570,0.69507,0.72,0.736,0.0031741,-0.88385,2.3426,0.056339,0.08,0.013546,1,430,1,0.0026703,0.0021232,0.00021005,7.6505e-05,2.75,0.0050801,5,-2.806,3.2866
nsr001,6600,0.71048,0.72,0.72,0.001847,-1.3616,3.99649,0.042976,0.032,0.013796,1,421,1,0.0010555,0.0014858,0.00023936,7.6543e-05,3.13,0.0028572,5,-3.3083,3.3642
nsr001,6630,0.72373,0.728,0.72,0.00062001,-0.95147,4.57645,0.0249,0.032,0.013962,1,414,1,0.00013938,0.00043236,0.00021778,5.1991e-05,4.19,0.00084151,5,-3.437,3.2703
nsr001,6660,0.73158,0.728,0.72,0.00033116,0.19778,2.57312,0.018198,0.024,0.013766,1,409,1,9.7886e-06,0.00019166,0.00015346,4.7651e-05,3.22,0.00040255,5,-3.8222,3.6054
nsr001,6690,0.7332,0.736,0.728,0.00033665,0.23402,2.58043,0.018348,0.024,0.014369,1,408,1,1.8262e-05,0.00017502,0.00016252,4.9738e-05,3.27,0.00040553,5,-4.1374,3.6711
nsr001,6720,0.72962,0.728,0.72,0.00056002,-1.0085,6.55719,0.023665,0.032,0.01475,1,409,1,1.9634e-05,0.00037161,0.0002743,5.4263e-05,5.05,0.0007198,5,-4.3788,3.817
nsr001,6750,0.72605,0.728,0.72,0.00074672,-0.95431,4.84328,0.027326,0.032,0.015117,1,411,1,0.00012555,0.00053732,0.000273,7.25e-05,3.77,0.0010084,5,-4.6029,4.1867
nsr001,6780,0.72054,0.72,0.72,0.001001,-0.88552,4.57031,0.031639,0.04,0.015472,1,413,1,0.0003496,0.00064684,0.00027762,0.00010909,2.54,0.0013832,5,-4.7407,4.137
nsr001,6810,0.70853,0.72,0.72,0.0016987,-0.85461,3.30905,0.041216,0.048,0.017525,1,419,1,0.0010275,0.001071,0.00030394,0.00010356,2.93,0.002506,5,-5.3669,3.894
nsr001,6840,0.69126,0.712,0.72,0.0033432,-0.77906,2.56396,0.05782,0.08,0.017182,1,430,1,0.0028013,0.002079,0.00037492,9.9363e-05,3.77,0.0053546,5,-5.4014,4.0662
nsr001,6870,0.67858,0.696,0.72,0.003669,-0.37612,1.92557,0.060572,0.104,0.017272,1,438,1,0.0035473,0.0018322,0.00036442,0.00011298,3.23,0.0058569,5,-5.0496,4.0784
nsr001,6900,0.66551,0.664,0.704,0.0038823,-0.0015299,1.70167,0.062308,0.112,0.017633,1,446,1,0.0040019,0.0017532,0.00030531,9.9678e-05,3.06,0.0061601,5,-5.3617,3.7949
nsr009,0,0.87232653,0.856,0.744,0.0119387,0.30347893,1.9954698,0.10926436,0.184,0.030853739,1,343,1,0.0031642885,0.0088092537,0.0012322797,0.00031527185,3.91,0.013521094,5,-13.255814,11.983471
nsr009,30,0.85611396,0.832,0.792,0.010196284,0.52858817,2.3382656,0.10097665,0.166,0.029065443,1,351,1,0.0012582529,0.008430405,0.0014106363,0.00032977473,4.28,0.011429069,5,-13.03125,13.241935
nsr009,60,0.85579429,0.832,0.792,0.0095418258,0.3592519,1.9971907,0.097682269,0.168,0.030512715,1,350,1,0.0016542695,0.0075010606,0.0014222308,0.00033854984,4.2,0.010916111,5,-13.296,13.088
nsr009,90,0.85689398,0.832,0.792,0.010031198,0.40369865,1.9952477,0.10015587,0.176,0.033198809,1,349,1,0.0032773944,0.0064965644,0.0013945456,0.00043181314,3.23,0.011600318,5,-12.731707,14.123077
nsr009,120,0.87547522,0.864,0.792,0.011012543,0.30042176,1.9499174,0.10494066,0.174,0.032172052,1,343,1,0.0046976884,0.0060512567,0.0016163908,0.00041939774,3.85,0.012784734,5,-13.540984,15.126984
nsr009,150,0.88963798,0.896,0.944,0.01072588,0.034218205,1.9192652,0.10356583,0.168,0.031871767,1,337,1,0.0045598642,0.0065422603,0.0011613458,0.00039935519,2.91,0.012662825,5,-14.297521,16.633333
nsr009,180,0.91412195,0.944,0.944,0.0088539056,-0.20848141,1.9983234,0.094095194,0.16,0.030544899,1,328,1,0.0028959258,0.0058580402,0.0011810226,0.00041243866,2.86,0.010347427,5,-14.389831,17.095652
nsr009,210,0.936025,0.952,0.944,0.0068295417,-0.4630847,2.5189109,0.082641041,0.104,0.030899574,1,320,1,0.001406354,0.0045752829,0.0013731722,0.00044369714,3.09,0.0077985061,5,-12.933333,16.571429
nsr009,240,0.95355414,0.96,0.944,0.0050642095,-0.76054527,3.6295863,0.07116326,0.072,0.029558628,1,314,1,0.00055996717,0.0036484514,0.0011054254,0.00038239053,2.89,0.0056962345,5,-12.921739,15.708738
nsr009,270,0.95070886,0.96,0.952,0.0046719531,-0.8440054,3.8882668,0.068351687,0.064,0.028386449,1,316,1,0.00078113956,0.0031926572,0.00098828842,0.00035391133,2.79,0.0053159965,5,-11.477477,13.390476
nsr009,300,0.95032911,0.952,0.944,0.0042370469,-0.79009335,4.1993732,0.065092602,0.064,0.026317717,1,316,1,0.00070455319,0.0030222091,0.00075920986,0.00028686323,2.65,0.0047728354,5,-10.509091,13.373737
nsr009,330,0.96517042,0.96,0.944,0.0018797612,0.46427885,4.3113666,0.043356213,0.048,0.025408152,1,311,1,0.00015239717,0.00087609654,0.00058693286,0.00028506109,2.06,0.0019004876,5,-8.3207547,9.8043478
nsr009,360,0.96527331,0.96,0.952,0.0015025283,0.82512492,5.5943875,0.03876246,0.04,0.021519084,1,311,1,0.00016724083,0.00080260616,0.00034853587,0.00018746087,1.86,0.0015058437,5,-6.6732673,7.7303371
nsr009,390,0.9634359,0.96,0.952,0.0012714493,1.2143117,6.8457563,0.035657387,0.032,0.014908078,1,312,1,0.00027417504,0.0006707695,0.00024839747,9.4899104e-05,2.62,0.0012882411,5,-5.7916667,6.0879121
nsr009,420,0.9363,0.952,0.952,0.0039558721,-1.6899761,5.0966527,0.062895724,0.036,0.014312237,1,320,1,0.001391661,0.0030310674,0.00037069141,0.0001021492,3.63,0.004895569,5,-6.38,5.7608696
nsr009,450,0.9173578,0.944,0.952,0.0061487765,-1.052604,2.6770064,0.078414135,0.056,0.013955231,1,327,1,0.003344898,0.0038692867,0.00042615852,6.0897787e-05,7,0.007701241,5,-6.14,4.8297872
nsr009,480,0.88310588,0.936,0.952,0.010688331,-0.71758726,2.0036078,0.10338438,0.18,0.014298957,1,340,1,0.0075627578,0.005734748,0.00067144297,0.00010743465,6.25,0.014076383,5,-6.0754717,4.0408163
nsr009,510,0.85395455,0.92,0.952,0.012486562,-0.35177586,1.497033,0.11174329,0.2,0.013503192,1,352,1,0.010396104,0.0052322471,0.00079786343,0.00012346181,6.46,0.016549676,5,-5.6396396,4.0761905
nsr009,540,0.82043716,0.792,0.952,0.014069902,-0.025929361,1.3392123,0.11861662,0.24,0.013906931,1,366,1,0.013110699,0.005173681,0.00053676461,0.00010954158,4.9,0.018930686,5,-6.0521739,4.3454545
nsr009,570,0.79535279,0.768,0.952,0.013316048,0.35100431,1.5034036,0.11539518,0.242,0.014142136,1,377,1,0.01261644,0.0045476664,0.0004580925,8.1638944e-05,5.61,0.017703838,5,-6.0517241,4.3666667
nsr009,600,0.78379112,0.76,0.704,0.012056082,0.58008958,1.849794,0.10980019,0.214,0.017571991,1,383,1,0.0090844995,0.005507776,0.00078658008,9.7791193e-05,8.04,0.015476647,5,-6.1322314,4.5289256
nsr009,630,0.7776,0.76,0.704,0.010592267,0.65283612,2.1312631,0.10291874,0.144,0.021408721,1,385,1,0.0050885947,0.0070952525,0.00077993026,0.00015299436,5.1,0.013116772,5,-6.53125,6.7874016
nsr009,660,0.77413953,0.76,0.704,0.010165898,0.88574462,3.1510948,0.10082608,0.128,0.026710499,1,387,1,0.0034774802,0.0073175116,0.0011264253,0.00021224914,5.31,0.012133666,5,-8.0151515,7.953125
nsr009,690,0.77393814,0.76,0.704,0.0099479858,0.85444242,3.1207877,0.09973959,0.128,0.026514293,1,388,1,0.0053929962,0.0056781327,0.0010388685,0.00020045741,5.18,0.012310455,5,-9.4,9.8153846
nsr009,720,0.78454308,0.76,0.704,0.011663788,0.60564646,2.3380698,0.10799902,0.192,0.02679689,1,383,1,0.0080284235,0.0055368991,0.0010869194,0.00018727675,5.8,0.014839519,5,-9.1875,9.65625
nsr009,750,0.78145833,0.748,0.704,0.011597408,0.68638725,2.4293025,0.10769126,0.192,0.026536147,1,384,1,0.007472422,0.0059846035,0.00095728997,0.00018230227,5.25,0.014596618,5,-10.155039,9.92
nsr009,780,0.78303916,0.752,0.672,0.011424247,0.67589573,2.4547563,0.10688427,0.192,0.02657401,1,383,1,0.0052334703,0.0075519615,0.0010806663,0.0002096265,5.16,0.014075725,5,-9.7099237,9.3170732
nsr009,810,0.77527649,0.744,0.672,0.012664346,0.62214077,2.3345621,0.11253597,0.216,0.026498607,1,387,1,0.0055275153,0.0089941539,0.0010413223,0.00022760844,4.58,0.0157906,5,-9.8181818,9.3333333
nsr009,840,0.77141388,0.744,0.632,0.013463944,0.5618721,2.2706046,0.11603424,0.216,0.026292565,1,389,1,0.0077952952,0.0081490274,0.0010561664,0.00021451277,4.92,0.017215002,5,-9.6911765,8.9206349
nsr009,870,0.76113706,0.736,0.632,0.015271416,0.52186604,2.118763,0.12357757,0.24,0.026074858,1,394,1,0.01287765,0.0064361301,0.0009022448,0.00020353002,4.43,0.020419555,5,-8.942029,7.6220472
nsr009,900,0.74585075,0.696,0.632,0.015338531,0.74951581,2.3262902,0.12384882,0.216,0.023698859,1,402,1,0.014554016,0.0052299967,0.00065349405,0.00015624709,4.18,0.020593754,5,-7.0526316,5.024
nsr009,930,0.72875728,0.672,0.632,0.013868739,1.0952545,3.0945644,0.11776561,0.136,0.020674749,1,412,1,0.012142272,0.0053752994,0.000547931,0.00010931641,5.01,0.018174819,5,-5.030303,2.992126
nsr009,960,0.70631529,0.656,0.648,0.010309042,1.3874595,3.6426605,0.10153345,0.104,0.014327701,1,425,1,0.0078841463,0.0050531219,0.00041381726,8.6137994e-05,4.8,0.013437223,5,-5.2647059,3.3676471
nsr009,990,0.68367123,0.656,0.648,0.0059771548,2.0332532,6.844573,0.077312061,0.072,0.014019274,1,438,1,0.0032200311,0.0039457437,0.00038757205,7.8503048e-05,4.94,0.0076318499,5,-4.2361111,3
nsr009,1020,0.66300885,0.648,0.648,0.0017762571,1.2752672,3.7221919,0.042145666,0.04,0.013732962,1,452,1,0.00054935891,0.001677912,0.00022424838,5.0019453e-05,4.48,0.0025015387,5,-3.6666667,2.8533333
nsr009,1050,0.65457081,0.648,0.648,0.0009084857,1.3645151,4.8242284,0.030141096,0.032,0.013607088,1,459,1,4.8297267e-05,0.00096330223,0.00019204987,5.0331215e-05,3.82,0.0012539806,5,-3.4569536,2.721519
nsr009,1080,0.65315284,0.648,0.648,0.00086196784,1.8501152,8.6098515,0.029359289,0.032,0.015071529,1,458,1,0.00013152033,0.00070684971,0.00022879997,9.4972428e-05,2.41,0.0011621424,5,-3.3466667,2.8518519
nsr009,1110,0.6619115,0.648,0.648,0.0016584933,1.7047537,6.3112675,0.040724603,0.032,0.01544951,1,452,1,0.00056670784,0.0013239178,0.00030769016,9.2930011e-05,3.31,0.0022912458,5,-4.3243243,4.3
nsr009,1140,0.67144395,0.656,0.648,0.0021295238,1.2328012,4.2177647,0.046146764,0.056,0.016486971,1,446,1,0.0010358216,0.0014300537,0.00041408896,0.00011235592,3.69,0.0029923202,5,-5.1351351,5.2307692
nsr009,1170,0.68405479,0.664,0.648,0.002499878,1.1806705,4.1344885,0.04999878,0.072,0.018551678,1,438,1,0.0014763081,0.0013651141,0.00051908069,0.00011341603,4.58,0.0034739189,5,-5.7532468,6.1447368
nsr009,1200,0.6875954,0.672,0.648,0.0024704719,1.0658123,3.9314107,0.049703842,0.072,0.018812683,1,435,1,0.0012529581,0.0014656613,0.00058128167,0.0001035802,5.61,0.0034034813,5,-5.9503106,6.3013699
nsr009,1230,0.6866055,0.672,0.656,0.0023232371,1.2326401,4.4374339,0.04819997,0.064,0.01846326,1,436,1,0.0011234775,0.0014277251,0.00050607981,9.9012662e-05,5.11,0.0031562951,5,-5.6942675,6.3076923
nsr009,1260,0.6866789,0.672,0.656,0.0024276024,1.0600703,4.243524,0.049270705,0.064,0.018105184,1,436,1,0.00085651427,0.0017574948,0.00058016704,0.00010120742,5.73,0.0032953835,5,-5.961039,6.4965517
nsr009,1290,0.68392694,0.672,0.656,0.0026773768,0.91707459,3.8730885,0.051743374,0.064,0.018136528,1,438,1,0.0010393676,0.0020141232,0.00053563311,0.00010636532,5.04,0.0036954893,5,-6.1666667,6.630137
nsr009,1320,0.68268493,0.672,0.656,0.0028543216,0.77788617,3.7044868,0.053425851,0.064,0.01774882,1,438,1,0.0015783295,0.0017583438,0.00060238696,0.00011380817,5.29,0.0040528684,5,-6.3766234,7.2816901
nsr009,1350,0.67706787,0.668,0.656,0.0033472471,0.65006045,3.2346772,0.057855398,0.08,0.017594062,1,442,1,0.0027132675,0.0016190466,0.00053570236,9.8980652e-05,5.41,0.0049669971,5,-5.8410596,6.2481752
nsr009,1380,0.67680361,0.664,0.656,0.0033682939,0.61016414,3.0907031,0.058037005,0.088,0.01650778,1,443,1,0.002350496,0.0020646578,0.00049018674,7.2301118e-05,6.78,0.0049776416,5,-5.1543624,5.5147059
nsr009,1410,0.68011009,0.664,0.656,0.004569735,1.2688083,5.5697177,0.067599815,0.088,0.021589269,1,436,1,0.0014818552,0.00359936,0.00068730317,0.00029914567,2.3,0.0060676641,5,-5.4428571,5.9856115
nsr009,1440,0.68450808,0.664,0.656,0.0054190376,1.1487623,4.4219273,0.073614112,0.096,0.021722151,1,433,1,0.0019998813,0.0040520436,0.00084160225,0.00030315878,2.78,0.0071966859,5,-7.3868613,8.2937063
nsr009,1470,0.69365808,0.664,0.656,0.0080992161,1.2882973,4.2501152,0.089995645,0.102,0.02471547,1,427,1,0.0049258535,0.0044549623,0.00092763505,0.00033266336,2.79,0.010641114,5,-9.0454545,9.7278912
nsr009,1500,0.70613333,0.664,0.6,0.0099714953,0.95628681,3.0498941,0.099857375,0.144,0.026650751,1,420,1,0.0077361821,0.0043432512,0.0010237123,0.00037733169,2.71,0.013480477,5,-10.671533,11.652778
nsr009,1530,0.72124574,0.688,0.6,0.011450386,0.59475674,2.2568085,0.10700648,0.176,0.027712813,1,411,1,0.0098993344,0.0045817626,0.0010371242,0.00034189043,3.03,0.015860112,5,-12.59854,13.871429
nsr009,1560,0.73552475,0.736,0.6,0.011305699,0.31616061,2.0780582,0.10632826,0.192,0.028562239,1,404,1,0.0093054919,0.0049729193,0.0011389267,0.00035618209,3.2,0.01577352,5,-14.059701,14.753623
nsr009,1590,0.74933333,0.76,0.6,0.0099914532,0.13276119,2.346822,0.099957257,0.168,0.029193375,1,396,1,0.0063847825,0.0057871625,0.0012332519,0.00037294376,3.31,0.013778141,5,-14.575758,14.48227
nsr009,1620,0.76201026,0.76,0.776,0.0083366786,0.069173847,2.8023119,0.091305414,0.112,0.029930511,1,390,1,0.0033984092,0.0059306738,0.0014832123,0.00040635723,3.65,0.011218653,5,-14.432836,14.357143
nsr009,1650,0.78840426,0.776,0.776,0.0057553988,0.41632216,3.0417049,0.075864345,0.104,0.032297286,1,376,1,0.00057029322,0.0040857927,0.0019633518,0.00044201487,4.44,0.0070614526,5,-15.030769,14.832117
nsr009,1680,0.8040542,0.792,0.776,0.0047638666,0.49610833,2.835952,0.069020769,0.112,0.033239578,1,369,1,0.00035471004,0.0029654111,0.001931924,0.00040350209,4.79,0.0056555472,5,-14.384615,14.348485
nsr009,1710,0.81240108,0.808,0.864,0.0051410996,0.34924804,2.4891953,0.071701461,0.104,0.031729838,1,369,1,0.00052594609,0.0035701143,0.0017099442,0.00033624725,5.09,0.0061422519,5,-13.492308,14.030303
nsr009,1740,0.81726431,0.816,0.864,0.0054555338,0.23505356,2.2709195,0.073861585,0.112,0.032185256,1,367,1,0.00080035667,0.0035580046,0.0018505494,0.00032954813,5.62,0.0065384588,5,-12.763359,12.70229
nsr009,1770,0.81463415,0.808,0.864,0.0051763902,0.21813651,2.138021,0.071947135,0.104,0.030052129,1,369,1,0.00087914458,0.0032145817,0.0019146735,0.00025375667,7.55,0.0062621564,5,-13.364341,12.652174
nsr009,1800,0.81761308,0.816,0.832,0.0054387898,0.22549444,2.2120492,0.073748151,0.104,0.029551104,1,367,1,0.0013251936,0.0031985524,0.0018170955,0.00027462896,6.62,0.0066154705,5,-13.734375,13.264706
nsr009,1830,0.82481319,0.824,0.832,0.0066710284,0.42054679,2.5993422,0.081676364,0.116,0.030226327,1,364,1,0.0022929347,0.0034848853,0.0020146623,0.00025147698,8.01,0.0080439592,5,-14.650794,14.459259
nsr009,1860,0.83313333,0.832,0.832,0.0067112245,0.20162921,2.4873075,0.081922064,0.12,0.031090129,1,360,1,0.0021418629,0.00367842,0.0020464322,0.00029600257,6.91,0.0081627177,5,-15.692308,16.102941
nsr009,1890,0.85088636,0.856,0.864,0.0064421523,-0.012700298,2.6970581,0.080263019,0.104,0.032489139,1,352,1,0.0013772105,0.0037754937,0.0022998879,0.00035938545,6.4,0.0078119776,5,-16.828125,17.094891
nsr009,1920,0.86803478,0.872,0.864,0.004586836,0.060009244,3.206349,0.067726184,0.072,0.032761293,1,345,1,0.00039550322,0.0023786141,0.0021982916,0.00035613424,6.17,0.0053285431,5,-16.171875,17.15873
nsr009,1950,0.86697674,0.872,0.864,0.0045726175,0.098975547,3.1486598,0.067621132,0.08,0.032405593,1,344,1,0.00014133483,0.0025845281,0.0021922017,0.00033458883,6.55,0.0052526534,5,-15.818182,17.327869
nsr009,1980,0.86990087,0.872,0.888,0.0045713937,0.063328569,3.0478779,0.067612082,0.08,0.033471992,1,343,1,6.5046773e-05,0.0024786452,0.0023572215,0.00034303742,6.87,0.0052439508,5,-15.875,17.140351
nsr009,2010,0.87272515,0.872,0.904,0.0050716134,0.16260232,2.9302115,0.071215261,0.08,0.033047376,1,342,1,8.3615629e-05,0.0027580728,0.0025976154,0.00033302357,7.8,0.0057723275,5,-15.296,17.627119
nsr009,2040,0.872,0.872,0.88,0.0050438006,0.25778265,2.8911102,0.07101972,0.088,0.033307595,1,342,1,6.5534173e-05,0.0028018997,0.0024886424,0.00033981878,7.32,0.005695895,5,-15.5625,17.008547
nsr009,2070,0.86639535,0.864,0.88,0.0052521348,0.32923134,2.8742321,0.072471614,0.088,0.031683567,1,344,1,0.00041496801,0.0032898942,0.001973076,0.00031262242,6.31,0.0059905606,5,-14.766917,16.672414
nsr009,2100,0.85726437,0.856,0.88,0.0055929558,0.3985833,2.8354646,0.074786067,0.104,0.030825716,1,348,1,0.0010198622,0.0031800854,0.0019711891,0.0003040555,6.48,0.0064751921,5,-14.769231,14.892562
nsr009,2130,0.8442153,0.84,0.88,0.0050170899,0.41077169,2.7700603,0.070831419,0.104,0.02996058,1,353,1,0.001257155,0.0025880976,0.0017412213,0.00031806835,5.47,0.0059045424,5,-14.538462,14.861789
nsr009,2160,0.83723596,0.832,0.776,0.0052610709,0.55584803,2.7903805,0.07253324,0.108,0.029505597,1,356,1,0.0014151021,0.002648594,0.0018322227,0.00028248511,6.49,0.0061784038,5,-14.270677,15.264
nsr009,2190,0.81709589,0.808,0.776,0.0055147518,0.59177757,2.8891811,0.074261375,0.112,0.027889893,1,365,1,0.0019480012,0.0028072597,0.0016395579,0.00027376993,5.99,0.0066685888,5,-14.253521,14.430769
nsr009,2220,0.79886631,0.784,0.776,0.0059767917,0.81288189,3.2787605,0.077309713,0.104,0.027395231,1,374,1,0.0027106762,0.0028094838,0.001555016,0.0002248777,6.91,0.0073000537,5,-12.633803,12.452555
nsr009,2250,0.79620159,0.784,0.776,0.0058188954,0.89916948,3.5045103,0.076281685,0.104,0.026632247,1,377,1,0.0026187947,0.0028893762,0.001389081,0.00018916607,7.34,0.0070864179,5,-11.408451,10.84058
nsr009,2280,0.79541645,0.784,0.776,0.0058522969,0.9867184,3.904557,0.076500306,0.104,0.036917389,1,377,1,0.001579032,0.0035200878,0.0013576165,0.00030589572,4.44,0.006762632,5,-10.836879,10.207407
nsr009,2310,0.79286772,0.784,0.776,0.0050229904,0.77437158,3.4784785,0.070873058,0.104,0.037332828,1,378,1,0.00088534976,0.0032668618,0.0013869467,0.00034611309,4.01,0.0058852714,5,-10.941176,11.489051
nsr009,2340,0.79434921,0.776,0.776,0.0058670183,1.0245194,3.9423046,0.076596464,0.104,0.03752785,1,378,1,0.0012226452,0.0038440264,0.001406934,0.00031033807,4.53,0.0067839436,5,-11.26087,12.072993
nsr009,2370,0.7863727,0.768,0.72,0.0062375555,1.1165618,3.9760846,0.078978196,0.104,0.037225911,1,381,1,0.00052882799,0.0051034505,0.001237682,0.00029867975,4.14,0.0071686402,5,-11.793103,12.014925
nsr009,2400,0.78052083,0.76,0.72,0.006452198,1.214669,4.057633,0.080325575,0.104,0.036744833,1,384,1,0.00045989625,0.0054906655,0.0011569073,0.00028251284,4.1,0.007389982,5,-11.103448,11.587302
nsr009,2430,0.77739221,0.752,0.72,0.0065485567,1.2691374,4.1397192,0.080923153,0.098,0.036796739,1,385,1,0.00062971393,0.005394665,0.0011923919,0.00026990385,4.42,0.0074866747,5,-9.8601399,10.177419
nsr009,2460,0.76770909,0.736,0.728,0.0067612485,1.3505133,4.4507136,0.082226811,0.088,0.038133537,1,385,1,0.0014015098,0.0049977509,0.0010492573,0.00033088958,3.17,0.0077794076,5,-10.446043,11.349206
nsr009,2490,0.7706875,0.744,0.728,0.0066863564,1.2848979,4.3599536,0.081770144,0.096,0.038486239,1,384,1,0.0014577766,0.00473729,0.001195156,0.00034598597,3.45,0.0077362085,5,-11.151079,12.04918
nsr009,2520,0.7711916,0.752,0.728,0.0067737869,1.254026,4.2590209,0.082303019,0.098,0.039755039,1,381,1,0.0027059644,0.0037330101,0.001203183,0.00037147991,3.24,0.0080136373,5,-10.914286,10.61157
nsr009,2550,0.76176623,0.728,0.728,0.0068913723,1.43496,4.6719149,0.08301429,0.088,0.03881151,1,385,1,0.0031534309,0.0036069319,0.001077693,0.0003428466,3.14,0.0081809023,5,-9.9432624,9.4634146
nsr009,2580,0.75273846,0.728,0.728,0.0056742296,1.758342,6.13254,0.075327483,0.064,0.027718749,1,390,1,0.001825788,0.0035847444,0.00098420306,0.00023985436,4.1,0.0066345899,5,-9.0218978,7.7704918
nsr009,2610,0.74661929,0.728,0.728,0.0042902415,1.9706587,8.2007917,0.065499935,0.064,0.0266982,1,394,1,0.00054550838,0.0032898871,0.00086288744,0.00020626829,4.18,0.0049045512,5,-7.3134328,7.2539683
nsr009,2640,0.74306835,0.728,0.728,0.0027576273,0.92331974,3.7447651,0.052513115,0.064,0.025636269,1,395,1,0.00064202477,0.0018986696,0.00071032546,0.00020290922,3.5,0.003453929,5,-8.8787879,8.75
nsr009,2670,0.75214322,0.736,0.728,0.003485682,0.82858552,3.3027367,0.059039665,0.08,0.028472209,1,391,1,0.001200184,0.0019762617,0.00094120276,0.00025648782,3.67,0.0043741363,5,-9.9851852,9.6956522
nsr009,2700,0.76495833,0.752,0.712,0.0048500453,0.7815937,3.1308586,0.069642266,0.096,0.031545069,1,384,1,0.0022910776,0.001958331,0.0014027837,0.00042463012,3.3,0.0060768224,5,-10.761194,10.628571
nsr009,2730,0.78039257,0.752,0.712,0.0076832923,1.0114391,3.7664735,0.087654391,0.12,0.034312705,1,377,1,0.0045163101,0.0025821222,0.0019187569,0.00041905819,4.58,0.0094362473,5,-12.155039,12.352113
nsr009,2760,0.79879893,0.784,0.712,0.0079634568,0.70081593,2.9570503,0.089238202,0.144,0.032112705,1,373,1,0.0051201663,0.0027672403,0.0017054817,0.00033959363,5.02,0.009932482,5,-14.090909,14.724638
nsr009,2790,0.80934783,0.8,0.704,0.0081364672,0.48052136,2.6609072,0.090202368,0.144,0.034005289,1,368,1,0.0048652439,0.0029209412,0.001997715,0.00039367527,5.07,0.010177575,5,-13.714286,14.793893
nsr009,2820,0.82152329,0.816,0.752,0.0071490139,0.3914742,2.8648205,0.084551841,0.128,0.032995504,1,365,1,0.0030980428,0.0033973986,0.0018759076,0.00038184803,4.91,0.008753197,5,-15.214815,17.121212
nsr009,2850,0.84361798,0.84,0.752,0.006314941,0.56304426,3.316713,0.079466603,0.104,0.035569888,1,356,1,0.0013853692,0.0033160799,0.0021426548,0.00046826946,4.58,0.0073123734,5,-15.776119,17.968254
nsr009,2880,0.8455662,0.84,0.768,0.0059522068,0.66736882,3.4357359,0.077150546,0.104,0.035401171,1,355,1,0.00053543894,0.0034719252,0.0022696013,0.00044365588,5.12,0.0067206213,5,-16.816901,19.016949
nsr009,2910,0.84646328,0.84,0.816,0.0056553768,0.74389421,3.6830572,0.07520224,0.096,0.03464952,1,354,1,0.00049078357,0.0031782662,0.002287054,0.00039612237,5.77,0.0063522262,5,-15.9,18.92437
nsr009,2940,0.84292135,0.84,0.768,0.0059389346,0.7582092,3.5281339,0.077064484,0.104,0.034536121,1,356,1,0.0010321817,0.0030483945,0.0022618747,0.00039396438,5.74,0.0067364154,5,-15.785714,18.136752
nsr009,2970,0.83968627,0.832,0.768,0.0059371597,0.85672133,3.6200157,0.077052967,0.112,0.032410291,1,357,1,0.0017102799,0.0029396908,0.0017947207,0.00036431483,4.93,0.0068090062,5,-15.203008,16.448
nsr009,3000,0.83368889,0.816,0.768,0.0059136634,0.92232997,3.8429636,0.076900347,0.112,0.030668685,1,360,1,0.0016495783,0.0026214912,0.0022299533,0.00029983776,7.44,0.0068008605,5,-13.797101,13.983871
nsr009,3030,0.81578261,0.808,0.768,0.0048395384,0.78582137,3.8285142,0.069566791,0.104,0.026562558,1,368,1,0.0012349288,0.0025181546,0.0017775725,0.00023524292,7.56,0.0057658988,5,-14.114286,14.868217
nsr009,3060,0.800448,0.784,0.768,0.004494002,1.143755,4.872483,0.067037318,0.088,0.026152985,1,375,1,0.0011491159,0.002337526,0.0016046645,0.00021296758,7.53,0.0053042739,5,-12.893617,13.676923
nsr009,3090,0.79265435,0.776,0.768,0.0040845654,1.3510404,5.9896574,0.063910605,0.086,0.024910422,1,379,1,0.00094539413,0.0020226069,0.0016239235,0.00020799823,7.81,0.0047999227,5,-12.536232,13.632353
nsr009,3120,0.79157784,0.776,0.768,0.0042458319,1.3894839,5.84152,0.065160048,0.08,0.027148036,1,379,1,0.00065469607,0.002330252,0.00164322,0.00029468072,5.58,0.0049228488,5,-12.071429,12.355556
nsr009,3150,0.77924156,0.768,0.728,0.0026754649,0.8724499,3.4094529,0.051724897,0.072,0.025406692,1,385,1,0.00010334554,0.0013063719,0.0015711738,0.00024647302,6.37,0.0032273643,5,-12.705882,13.565217
nsr009,3180,0.78083333,0.768,0.728,0.0027230635,0.83354836,3.2594896,0.052182981,0.08,0.026705629,1,384,1,0.00015754591,0.0012842687,0.0015173677,0.00032685017,4.64,0.0032860325,5,-13.138686,13.664234
nsr009,3210,0.77356701,0.76,0.728,0.0025725872,1.0982535,3.9155095,0.050720679,0.064,0.026361039,1,388,1,2.6475526e-05,0.0012656748,0.0014493031,0.0003377327,4.29,0.0030791861,5,-13.144828,15
nsr009,3240,0.77540052,0.76,0.728,0.0028904169,0.99568706,3.3990502,0.053762598,0.072,0.026648353,1,387,1,3.618991e-05,0.0014533107,0.0016351335,0.00034177921,4.78,0.0034664133,5,-12.84507,14.820896
nsr009,3270,0.77984416,0.768,0.728,0.0031753506,0.81438543,2.8909893,0.05635025,0.08,0.028044607,1,385,1,0.00018552247,0.0016446702,0.0016229928,0.00038773988,4.19,0.0038409254,5,-12.776978,14.558824
nsr009,3300,0.78110417,0.768,0.728,0.0030099526,0.69051904,2.7351353,0.054863035,0.08,0.027869146,1,384,1,0.00043370679,0.001577105,0.001272685,0.00042111571,3.02,0.0037046126,5,-13.661765,15.459854
nsr009,3330,0.78907368,0.776,0.728,0.0035364062,0.87973791,3.5674014,0.05946769,0.08,0.030591702,1,380,1,0.00053795058,0.0015002934,0.0017620018,0.0004601414,3.83,0.0042603872,5,-14.7,16.571429
nsr009,3360,0.79337566,0.784,0.776,0.0033439275,0.82408159,3.6583789,0.057826702,0.072,0.030940004,1,378,1,0.00025423456,0.0014842639,0.0017892984,0.00045998494,3.89,0.0039877818,5,-16.304348,16.157143
nsr009,3390,0.79622281,0.784,0.776,0.0035152268,0.67160421,3.3566844,0.059289348,0.08,0.030760572,1,377,1,0.00017605215,0.0016378415,0.0019948434,0.00041149656,4.85,0.0042202337,5,-15.24812,15.035461
nsr009,3420,0.79291005,0.784,0.776,0.0031973022,0.73653766,3.7791821,0.056544692,0.072,0.029831001,1,378,1,0.0002677317,0.0012930124,0.0019351743,0.0003378681,5.73,0.0038337865,5,-16.088235,15.366197
nsr009,3450,0.79280423,0.784,0.768,0.0030452083,0.76991018,4.0372618,0.055183406,0.072,0.028950154,1,378,1,0.00024508877,0.0013013532,0.0017653494,0.00032927662,5.36,0.003641068,5,-16,14.577465
nsr009,3480,0.78938947,0.776,0.768,0.0030999535,0.83993271,4.1027052,0.055677226,0.064,0.027397205,1,380,1,0.0004279718,0.0013440508,0.0017203787,0.00022963776,7.49,0.003722039,5,-15.030303,13.714286
nsr009,3510,0.79838298,0.792,0.768,0.0032093249,0.64267204,3.6650656,0.056650904,0.072,0.029000782,1,376,1,0.00030961305,0.0014283708,0.001859763,0.00025100038,7.41,0.0038487472,5,-14.390625,12.671533
nsr009,3540,0.79511936,0.784,0.768,0.0031202862,0.71207823,3.9457791,0.055859522,0.066,0.028503079,1,377,1,0.0004069825,0.0013121781,0.0017867286,0.00025227265,7.08,0.0037581618,5,-14.20155,12.10219
nsr009,3570,0.7836658,0.776,0.768,0.0032538357,0.87848799,4.2388271,0.057042402,0.072,0.026482435,1,383,1,0.00039768522,0.0015471918,0.0018155126,0.00019207528,9.45,0.0039524649,5,-13.274074,11.313869
nsr009,3600,0.7788601,0.768,0.768,0.0031233102,1.0680223,4.8036091,0.055886584,0.064,0.026467132,1,386,1,0.00025005409,0.0013676209,0.0019566207,0.00017860925,10.95,0.003752905,5,-10.757576,10.044118
nsr009,3630,0.7717018,0.768,0.768,0.0023895603,0.74078301,3.5842111,0.048883129,0.064,0.023702625,1,389,1,0.00013466022,0.0010739492,0.0015779567,0.00015451413,10.21,0.0029410802,5,-11.029851,10.686567
nsr009,3660,0.77059126,0.768,0.768,0.0025004846,0.78028654,3.4409316,0.050004845,0.064,0.024225742,1,389,1,0.00011282955,0.0010398913,0.0017325884,0.00017842907,9.71,0.0030637384,5,-10.835821,10.671642
nsr009,3690,0.76791795,0.76,0.768,0.002282276,0.94530138,3.9182226,0.047773173,0.056,0.023862502,1,390,1,4.464517e-05,0.0010788589,0.001441972,0.00019670123,7.33,0.0027621772,5,-11.065693,11.323308
nsr009,3720,0.76196954,0.752,0.768,0.0023755105,0.89296318,3.7322268,0.048739209,0.056,0.022656187,1,394,1,0.00011835827,0.0011788752,0.0014633323,0.00017129113,8.54,0.0029318569,5,-11.430556,11.941176
nsr009,3750,0.75568766,0.744,0.744,0.0026809931,0.83962655,3.6580235,0.051778307,0.056,0.023184809,1,397,1,0.0003421183,0.0014591182,0.0013988276,0.00016346483,8.56,0.0033635289,5,-11.692308,12.2
nsr009,3780,0.75991899,0.744,0.744,0.0030443792,0.78898463,3.4717528,0.055175893,0.072,0.024235729,1,395,1,0.00024893828,0.001790275,0.0015730487,0.00017298304,9.09,0.003785245,5,-10.915493,11.246377
nsr009,3810,0.75421106,0.744,0.744,0.0026305448,0.75250943,3.5707624,0.051288837,0.064,0.022719847,1,398,1,1.847008e-05,0.0015437574,0.0015623822,0.00015798814,9.89,0.0032825979,5,-11.214286,11.714286
nsr009,3840,0.76097462,0.744,0.744,0.0033211851,0.77170186,3.3756622,0.057629724,0.08,0.024629571,1,394,1,0.00029162302,0.0022351866,0.0014138731,0.00018813935,7.52,0.0041288221,5,-11.044118,12.70922
nsr009,3870,0.76830769,0.76,0.744,0.003384666,0.55652322,3.0573169,0.058177882,0.072,0.025174353,1,390,1,0.00045344566,0.0021510895,0.0014070486,0.00022480914,6.26,0.0042363929,5,-12.128571,12.613139
nsr009,3900,0.77691192,0.768,0.768,0.004179613,0.45745057,2.6209951,0.064649927,0.096,0.025705626,1,386,1,0.0012136885,0.0023725249,0.0014353545,0.00026375966,5.44,0.0052853276,5,-11.814286,13.470588
nsr009,3930,0.78439687,0.776,0.728,0.004507151,0.31412103,2.4314455,0.067135318,0.102,0.027727923,1,383,1,0.0015910237,0.0025415651,0.0012944102,0.00030615522,4.23,0.0057331542,5,-12.086331,13.397059
nsr009,3960,0.79761702,0.792,0.8,0.0060789143,0.4088657,2.6385962,0.077967392,0.116,0.027961116,1,376,1,0.0028343965,0.0031763768,0.0013782696,0.000290376,4.75,0.0076794189,5,-13.074627,13.985075
nsr009,3990,0.80927224,0.8,0.8,0.0067448419,0.19118316,2.2888684,0.082126986,0.128,0.028624692,1,371,1,0.0035472529,0.0033207849,0.0014551237,0.00031790162,4.58,0.0086410631,5,-12.738462,14.21374
nsr009,4020,0.82646832,0.824,0.8,0.0063581779,-0.068624727,2.3461164,0.079738183,0.118,0.028905638,1,363,1,0.0028271776,0.0034841233,0.0014851349,0.00031539344,4.71,0.0081118293,5,-13.174603,14.923077
nsr009,4050,0.84854237,0.84,0.8,0.0053753424,0.1311081,2.6420269,0.073316727,0.112,0.031246076,1,354,1,0.0017311682,0.002480821,0.0018976573,0.00037574579,5.05,0.0064853923,5,-13.804878,14.677686
nsr009,4080,0.85677714,0.86,0.8,0.0050416407,-0.041657625,2.7853602,0.071004512,0.104,0.03119033,1,350,1,0.001357096,0.0025845284,0.0017838414,0.00034857154,5.12,0.0060740373,5,-15.196721,16.95935
nsr009,4110,0.86263977,0.864,0.8,0.0043007571,0.17919155,2.5281909,0.065580158,0.102,0.031846452,1,347,1,0.00049639036,0.0022078288,0.0018243082,0.00041835571,4.36,0.0049468831,5,-15.024793,15.456
nsr009,4140,0.86108883,0.864,0.832,0.0042425352,0.23881119,2.5789997,0.065134746,0.096,0.03064667,1,349,1,0.00050430231,0.0022060006,0.001776675,0.00036871853,4.82,0.0048556964,5,-15.648,16.077519
nsr009,4170,0.86712139,0.872,0.832,0.0041290809,0.15499521,2.6519279,0.064257925,0.096,0.032744952,1,346,1,0.00036460859,0.0017816335,0.0022017875,0.0003598214,6.12,0.004707851,5,-15.428571,14.34375
nsr009,4200,0.86805797,0.872,0.912,0.0042564152,0.15600922,2.5665386,0.065241208,0.096,0.032527627,1,345,1,0.00029520432,0.0018686179,0.0023810984,0.00031064872,7.66,0.0048555693,5,-16.508475,16.062992
nsr009,4230,0.87011628,0.872,0.88,0.0042739923,0.057267581,2.6152748,0.065375777,0.092,0.031806998,1,344,1,0.0005501535,0.0017220457,0.0023723859,0.00027981135,8.48,0.0049243964,5,-15.731092,15.11811
nsr009,4260,0.85705143,0.856,0.8,0.0042628684,0.14897941,2.5773897,0.065290646,0.096,0.031037088,1,350,1,0.00051082581,0.0019340928,0.0022747971,0.00025057609,9.08,0.0049702918,5,-16.190476,15.507692
nsr009,4290,0.85022096,0.848,0.8,0.0040928715,0.34496693,2.8201465,0.063975554,0.096,0.030051471,1,353,1,0.00042691196,0.0018665127,0.00218943,0.00026526702,8.25,0.0047481217,5,-16.544,15.485294
nsr009,4320,0.83863687,0.832,0.8,0.0043650162,0.48487946,2.9946585,0.066068269,0.088,0.030470448,1,358,1,0.00064616358,0.0020588802,0.0021508476,0.00024647808,8.73,0.0051023695,5,-16.047619,13.686567
nsr009,4350,0.82996122,0.824,0.8,0.0035830318,0.23446563,2.551228,0.059858432,0.082,0.027824849,1,361,1,0.00041068919,0.0019306606,0.0016824286,0.00024045775,7,0.0042642361,5,-14.854839,12.954545
nsr009,4380,0.82671074,0.824,0.816,0.0035534713,0.33381218,2.6887503,0.059611,0.08,0.02952291,1,363,1,0.00020957514,0.0018816257,0.0018148731,0.00026952358,6.73,0.0041755976,5,-14,12.823529
nsr009,4410,0.8313795,0.824,0.816,0.0035850361,0.20893393,2.6211315,0.059875171,0.08,0.029622814,1,361,1,0.00021098858,0.0021664503,0.0015898188,0.00025799733,6.16,0.004225255,5,-14.737705,14.135338
nsr009,4440,0.83140166,0.824,0.816,0.0039813299,0.34794648,2.7680695,0.06309778,0.08,0.032509828,1,361,1,0.00022788174,0.0021614839,0.0019287949,0.00033406426,5.77,0.0046522248,5,-14.387097,12.409091
nsr009,4470,0.83020499,0.824,0.8,0.0036357023,0.3399235,2.844902,0.060296785,0.08,0.03092931,1,361,1,0.00018348607,0.0020996409,0.0016457442,0.00032699265,5.03,0.0042558639,5,-14.516129,12.360902
nsr009,4500,0.8258022,0.824,0.8,0.0034104291,0.33385363,2.8514536,0.058398879,0.088,0.031012305,1,364,1,0.00016349076,0.0017281094,0.0017628758,0.00035131513,5.02,0.004005791,5,-15.056,12.824427
nsr009,4530,0.81702174,0.816,0.8,0.0033177107,0.49422778,3.1096496,0.057599572,0.08,0.029713986,1,368,1,0.00026263164,0.0017400839,0.0015765405,0.00032885606,4.79,0.0039081121,5,-15.234375,14.4375
nsr009,4560,0.81855041,0.816,0.816,0.0033499804,0.45471073,2.9875149,0.057879015,0.088,0.030046958,1,367,1,0.00019958396,0.0019208175,0.0014950729,0.00032962334,4.54,0.0039450977,5,-14.625954,14.174603
nsr009,4590,0.81123035,0.808,0.816,0.0037486669,0.41730487,2.9060274,0.061226358,0.096,0.030302819,1,369,1,0.00055591127,0.0018549194,0.0017692064,0.0003143652,5.63,0.0044944023,5,-14.469697,14.896
nsr009,4620,0.81146883,0.816,0.816,0.0039138475,0.26897132,2.8843933,0.062560751,0.096,0.029880923,1,369,1,0.00091573696,0.0016354026,0.0019317548,0.00032716858,5.9,0.004810063,5,-16.122137,14.676923
nsr009,4650,0.80946631,0.816,0.816,0.0038378441,0.32179909,3.035606,0.061950336,0.088,0.029651671,1,371,1,0.00093019843,0.0014273226,0.0020487828,0.00032136265,6.38,0.0047276665,5,-14.921875,13.816794
nsr009,4680,0.81283469,0.816,0.816,0.0044772579,0.56836202,3.4607825,0.066912315,0.09,0.030383062,1,369,1,0.00061884808,0.0022463859,0.0021198969,0.00033672362,6.3,0.0053218546,5,-14.640625,13.79845
nsr009,4710,0.80752688,0.8,0.816,0.0042565518,0.71961059,3.8233855,0.065242255,0.08,0.030489979,1,372,1,0.00026469799,0.0022185387,0.0022128402,0.00032222111,6.87,0.005018298,5,-14.064,14.014925
nsr009,4740,0.80511828,0.8,0.784,0.0038468539,0.6028309,3.7091556,0.062023011,0.08,0.026945888,1,372,1,0.00017508017,0.0021564956,0.001990046,0.00026856552,7.41,0.0045901873,5,-13.830769,13.879699
nsr009,4770,0.7970504,0.792,0.752,0.0038780852,0.75281819,3.9158851,0.062274274,0.08,0.02644947,1,377,1,7.5741403e-05,0.0023243173,0.0019912975,0.0002288178,8.7,0.004620174,5,-12.971014,12.863636
nsr009,4800,0.79608511,0.792,0.784,0.0037355447,0.76485147,4.1371968,0.061119103,0.08,0.026439566,1,376,1,0.00020402469,0.0022075878,0.0018284711,0.00022359728,8.18,0.0044636808,5,-12.408759,12.779412
nsr009,4830,0.8027882,0.8,0.84,0.0038937964,0.55518177,3.6455215,0.062400292,0.08,0.027666213,1,373,1,9.4111286e-05,0.0022988155,0.0020270995,0.00024719321,8.2,0.0046672196,5,-12.573529,12.992593
nsr009,4860,0.80862534,0.808,0.84,0.0043216836,0.4580998,3.2273924,0.065739513,0.088,0.029032694,1,371,1,0.00024214493,0.0025788229,0.0021248756,0.00026593112,7.99,0.0052117746,5,-12.470588,13.474453
nsr009,4890,0.81521739,0.816,0.84,0.004127473,0.4513148,3.2135203,0.064245413,0.088,0.029288381,1,368,1,9.3973698e-05,0.0025463104,0.0020100411,0.00025931125,7.75,0.0049096365,5,-13.57971,14.459259
nsr009,4920,0.82167671,0.816,0.792,0.0040526095,0.55162975,3.1371047,0.063660109,0.088,0.030164385,1,365,1,0.0001243549,0.0023213548,0.002004828,0.00028033715,7.15,0.0047308749,5,-13.941176,14.732824
nsr009,4950,0.8261157,0.816,0.792,0.0040915114,0.49850647,2.9273028,0.063964923,0.096,0.030972453,1,363,1,0.00016963845,0.0020920253,0.002183956,0.00031742072,6.88,0.0047630405,5,-14.189781,14.899225
nsr009,4980,0.8186158,0.816,0.792,0.0035509094,0.25484994,2.4646991,0.059589507,0.088,0.028585601,1,367,1,0.00023542483,0.0018991669,0.0018183602,0.00029232065,6.22,0.0042452727,5,-14.057554,15.410853
nsr009,5010,0.82338462,0.816,0.84,0.0040466065,0.220181,2.4241981,0.063612943,0.096,0.030121151,1,364,1,0.00027524634,0.0022261387,0.0020142938,0.00031941238,6.31,0.0048350912,5,-14.045455,14.089552
nsr009,5040,0.82207123,0.816,0.84,0.0042424235,0.20435816,2.3618374,0.065133889,0.098,0.03050635,1,365,1,0.00019758797,0.0022157616,0.0023277031,0.00033620095,6.92,0.0050772536,5,-15.480916,15.823529
nsr009,5070,0.82534435,0.824,0.84,0.0039447955,0.2130319,2.445229,0.062807607,0.088,0.031055111,1,363,1,0.00020669961,0.0018677023,0.0023019812,0.0003243364,7.1,0.0047007195,5,-16.818182,16.830769
nsr009,5100,0.81911717,0.816,0.752,0.0045082021,0.20296032,2.2933822,0.067143146,0.104,0.030683293,1,367,1,0.0005833221,0.0023229276,0.0022853768,0.00028750338,7.95,0.0054791299,5,-15.25,15.801527
nsr009,5130,0.81463043,0.808,0.752,0.0046791873,0.31593871,2.3276092,0.068404585,0.112,0.031805951,1,368,1,0.00068513345,0.0023569821,0.0023038069,0.0003367934,6.84,0.0056827158,5,-14.808511,15.581395
nsr009,5160,0.80932249,0.8,0.784,0.0043852028,0.37060924,2.4920513,0.066220864,0.088,0.030944551,1,369,1,0.00037889169,0.0023614865,0.0022029627,0.00034678339,6.35,0.0052901243,5,-14.141844,15.476923
nsr009,5190,0.80582796,0.8,0.784,0.0041842506,0.45685162,2.653707,0.064685784,0.088,0.030248566,1,372,1,0.00041192653,0.0022551027,0.0020576249,0.00032531338,6.33,0.0050499676,5,-13.842857,14.601504
nsr009,5220,0.79348541,0.784,0.784,0.004325277,0.51420484,2.5647116,0.065766839,0.104,0.02889158,1,377,1,0.00058776583,0.0026040857,0.00179839,0.00030485992,5.9,0.0052951014,5,-14.085106,13.590909
nsr009,5250,0.77654026,0.768,0.704,0.004890374,0.53614051,2.6831943,0.069931209,0.104,0.027303846,1,385,1,0.0011704921,0.0030778715,0.00160868,0.00030427511,5.29,0.0061613187,5,-13.090909,13.530303
nsr009,5280,0.75790863,0.752,0.704,0.0063840527,0.2768214,2.7958808,0.079900267,0.112,0.026597365,1,394,1,0.0028879921,0.0039041532,0.0015220463,0.00030319244,5.02,0.008617384,5,-11.903448,11.278195
nsr009,5310,0.72697087,0.728,0.584,0.0075423738,-0.096130362,2.3341206,0.086846841,0.112,0.02318486,1,412,1,0.0055532988,0.0044822485,0.00090023428,0.0002554972,3.52,0.011191279,5,-10.459459,9.0070922
nsr009,5340,0.70586792,0.704,0.584,0.008243122,0.17942302,2.0981861,0.090791641,0.152,0.022000215,1,424,1,0.0075508946,0.0039202927,0.00061935781,0.00026413372,2.34,0.012354679,5,-9.2108844,7.5633803
nsr009,5370,0.69210162,0.688,0.584,0.0077665452,0.44359749,2.3739578,0.088128005,0.152,0.020537229,1,433,1,0.0071524662,0.0036081823,0.00055501086,0.00023963409,2.32,0.011555293,5,-8.6111111,7.0738255
nsr009,5400,0.68318535,0.68,0.584,0.0070832614,0.58830349,2.6366479,0.084162114,0.136,0.018983334,1,437,1,0.0059786358,0.0038219929,0.00046290878,0.00020270396,2.28,0.010466241,5,-7.0416667,4.7671233
nsr009,5430,0.67341497,0.672,0.584,0.005861266,0.69999926,2.9048081,0.076558906,0.112,0.016176301,1,441,1,0.0039376646,0.003943774,0.00048908397,0.00014677268,3.33,0.0085172952,5,-6.1103448,4.1486486
nsr009,5460,0.66207572,0.664,0.584,0.0040785746,0.57774802,2.8872972,0.063863719,0.098,0.015066519,1,449,1,0.0016786069,0.0035861889,0.00049291708,0.00019022123,2.59,0.0059479341,5,-6.2416107,5.1842105
nsr009,5490,0.65550333,0.656,0.584,0.0035166239,1.3299468,8.639745,0.059301129,0.088,0.019420951,1,451,1,0.00082319844,0.0031229311,0.00059153926,0.00030055345,1.97,0.0048382222,5,-7.6,6.9299363
nsr009,5520,0.65124229,0.656,0.68,0.0031436895,1.6363771,10.978605,0.056068614,0.08,0.019556224,1,454,1,0.00090080562,0.0025438135,0.00055715761,0.00032174635,1.73,0.0043235231,5,-7.5066667,6.8447205
nsr009,5550,0.65215859,0.656,0.68,0.0032634803,1.5639849,10.194761,0.057126879,0.08,0.019910617,1,454,1,0.0014902487,0.0021888082,0.00057027955,0.00031733026,1.8,0.0045666667,5,-7.4362416,7.0481928
nsr009,5580,0.65699556,0.664,0.68,0.0032979287,1.3857061,9.579616,0.057427595,0.08,0.02014115,1,450,1,0.0016120621,0.0020608985,0.00065039394,0.0003280182,1.98,0.0046513727,5,-7.4805195,7.6687117
nsr009,5610,0.67298405,0.672,0.68,0.0033162166,1.5073693,9.4661267,0.057586601,0.056,0.021640483,1,439,1,0.0009722122,0.0023700986,0.00081987735,0.00032172106,2.55,0.0044839092,5,-7.8666667,8.8674699
nsr009,5640,0.68629234,0.68,0.68,0.0027975981,1.6944744,11.081643,0.052892325,0.048,0.022094933,1,431,1,0.00047259525,0.0018493475,0.00098835653,0.00034688529,2.85,0.0036571846,5,-8.9426752,9.3797468
nsr009,5670,0.69728605,0.688,0.68,0.0028264749,1.6010837,9.5611164,0.053164601,0.062,0.022850845,1,423,1,0.00057356284,0.0016918831,0.0010453706,0.00035025837,2.98,0.0036610748,5,-9.2287582,9.869281
nsr009,5700,0.70522782,0.696,0.696,0.0032107965,1.8478761,9.5143461,0.056663891,0.056,0.028021969,1,417,1,0.00075921761,0.0016022057,0.0011458342,0.00052342037,2.19,0.004030678,5,-10.333333,11.306667
nsr009,5730,0.71175,0.7,0.696,0.0031183566,1.7367584,9.2436325,0.055842248,0.056,0.028000688,1,416,1,0.00079781495,0.0014488527,0.0011833439,0.00048455041,2.44,0.003914562,5,-10.644737,10.92517
nsr009,5760,0.72277073,0.712,0.696,0.0034667688,1.5801545,7.1155913,0.058879273,0.072,0.028038395,1,410,1,0.00098534671,0.0016562696,0.0011998706,0.00046988842,2.55,0.0043113753,5,-9.4228188,9.1805556
nsr009,5790,0.73233498,0.72,0.696,0.0034223073,0.98946934,4.1105933,0.058500489,0.072,0.025964078,1,406,1,0.0014908808,0.0015873313,0.0010151799,0.00040832818,2.49,0.0045017203,5,-9.9047619,10.422535
nsr009,5820,0.74548,0.736,0.728,0.0036578342,0.91856457,3.6074618,0.060480031,0.088,0.026665664,1,400,1,0.0014153585,0.0017421856,0.0012131656,0.00035162048,3.45,0.0047223302,5,-11.081081,11.228571
nsr009,5850,0.75577665,0.744,0.728,0.0035885912,0.74540087,3.2495005,0.059904851,0.08,0.027292404,1,394,1,0.0012372016,0.0016223871,0.0013829152,0.00037241768,3.71,0.0046149216,5,-11.751724,12.363636
nsr009,5880,0.7704186,0.76,0.728,0.0038853684,0.76835307,3.3546736,0.062332723,0.08,0.02893337,1,387,1,0.0011688987,0.0015351595,0.0018009541,0.00038049636,4.73,0.0048855087,5,-12.402878,12.460432
nsr009,5910,0.77177202,0.76,0.728,0.0036186076,0.82667005,3.5549715,0.060154864,0.08,0.02851402,1,386,1,0.00071063314,0.0016283192,0.0017637818,0.00036987012,4.77,0.0044726043,5,-14.111888,13.886525
nsr009,5940,0.77842932,0.768,0.744,0.0033560147,0.73465777,3.6214223,0.05793112,0.08,0.028548802,1,382,1,0.00033198374,0.0015836732,0.0018383917,0.00036588488,5.02,0.0041199335,5,-14.208333,13.9
nsr009,5970,0.78250919,0.776,0.744,0.0036132664,0.60763186,3.3273076,0.060110451,0.08,0.029365214,1,381,1,0.00020506421,0.0016607874,0.0022084786,0.00036159166,6.11,0.0044359219,5,-12.12766,12.605634
nsr009,6000,0.78863158,0.792,0.792,0.0031487716,0.43236963,3.2875453,0.056113916,0.072,0.024755053,1,380,1,7.2146832e-05,0.0015600099,0.0020165313,0.00023263479,8.67,0.0038813228,5,-13.394366,14.73913
nsr009,6030,0.79214776,0.792,0.8,0.0028953855,0.44440955,3.5295219,0.053808787,0.07,0.024630175,1,379,1,2.3395633e-05,0.0012227173,0.0020891009,0.00021777538,9.59,0.0035529892,5,-13.106383,14.227273
nsr009,6060,0.79626525,0.792,0.8,0.0026665252,0.49182075,3.5013686,0.051638408,0.064,0.024303051,1,377,1,4.0762187e-05,0.0010848277,0.001897294,0.00021861708,8.68,0.0032415009,5,-12.735294,13.617647
nsr009,6090,0.79987234,0.8,0.8,0.003026245,0.53296414,3.3069292,0.055011317,0.072,0.025122208,1,376,1,0.00017583996,0.0012013011,0.0020746707,0.00020976257,9.89,0.0036615743,5,-13.134328,13.909091
nsr009,6120,0.79622281,0.792,0.8,0.0030093545,0.65888903,3.5281576,0.054857584,0.064,0.025609174,1,377,1,6.421439e-05,0.0013762633,0.0019668423,0.0002083954,9.44,0.0036157154,5,-14.529412,14.80303
nsr009,6150,0.80027733,0.792,0.8,0.0035046929,0.67538574,3.2176328,0.059200447,0.072,0.025767367,1,375,1,0.00012513731,0.0017164516,0.0021403199,0.00020636981,10.37,0.0041882785,5,-13.481481,13.21875
nsr009,6180,0.80036267,0.8,0.816,0.0032955259,0.49671841,2.9279681,0.057406671,0.08,0.025196554,1,375,1,0.00035610672,0.001595327,0.0018482871,0.00020745702,8.91,0.0040071778,5,-13.074627,14.062992
nsr009,6210,0.80933693,0.808,0.816,0.0031802186,0.45132646,2.8862615,0.056393427,0.072,0.025852806,1,371,1,0.00018660504,0.0014532876,0.0019215586,0.00025474936,7.54,0.0038162006,5,-13.069767,14.330709
nsr009,6240,0.81098378,0.808,0.816,0.0032153547,0.36320965,2.8394721,0.056704098,0.08,0.026457718,1,370,1,7.7564564e-05,0.0016428612,0.001882964,0.00025743829,7.31,0.0038608281,5,-14.075758,14.234375
nsr009,6270,0.80476139,0.8,0.728,0.0033995478,0.40477909,2.743193,0.058305641,0.08,0.025338992,1,373,1,0.00015985529,0.0021694029,0.0015397712,0.00023471249,6.56,0.0041037419,5,-13.445255,13.751938
nsr009,6300,0.800832,0.792,0.76,0.0034948353,0.48490004,2.6989889,0.059117132,0.088,0.024968001,1,375,1,0.0003082906,0.0021402271,0.0015668619,0.00021049299,7.44,0.0042258726,5,-13.685714,14.348485
nsr009,6330,0.80014933,0.8,0.736,0.0040478921,0.42122165,2.5913509,0.063623047,0.096,0.026696952,1,375,1,0.00055991039,0.0021909171,0.001989047,0.00021583987,9.22,0.0049557143,5,-13.577465,13.755725
nsr009,6360,0.79460317,0.784,0.736,0.0041321551,0.55786884,2.7250662,0.064281841,0.096,0.02690153,1,378,1,0.00057407834,0.0022438946,0.001998866,0.00022091363,9.05,0.0050377526,5,-13.192053,14.352
nsr009,6390,0.78877895,0.784,0.736,0.0036902835,0.6320274,3.0282551,0.060747703,0.092,0.025646264,1,380,1,0.00034511493,0.002138646,0.0017960167,0.00021124076,8.5,0.0044910184,5,-11.958621,13.818182
nsr009,6420,0.79461008,0.792,0.816,0.003692063,0.41094858,2.7673006,0.060762348,0.09,0.025702057,1,377,1,0.00048001082,0.0019557832,0.0018816086,0.00020280553,9.28,0.0045202082,5,-12.055172,12.763359
nsr009,6450,0.78763255,0.784,0.816,0.0033119067,0.31086079,2.7449787,0.057549168,0.082,0.025411146,1,381,1,0.00021921844,0.0022071923,0.0014765648,0.00020358802,7.25,0.0041065636,5,-11.447368,13.022901
nsr009,6480,0.7762487,0.768,0.72,0.0032228782,0.563469,3.0988724,0.056770399,0.088,0.024003463,1,386,1,9.4190737e-05,0.0023405255,0.0013735835,0.00018286631,7.51,0.003991166,5,-10.697368,12.045455
nsr009,6510,0.76264631,0.752,0.72,0.0030969792,0.62072897,3.093125,0.055650509,0.08,0.022479015,1,393,1,0.00039803412,0.0021936477,0.0011483288,0.00014941682,7.69,0.0038894274,5,-9.3202614,10.781955
nsr009,6540,0.75342356,0.744,0.72,0.0032647021,0.7339002,3.2569048,0.057137571,0.088,0.022337746,1,399,1,0.00083433293,0.0019668643,0.0012200651,0.00012818898,9.52,0.0041494513,5,-8.9281046,10.304348
nsr009,6570,0.74832918,0.736,0.704,0.0035621714,0.75829704,3.1300727,0.059683929,0.088,0.021795412,1,401,1,0.0014783701,0.001773548,0.0012309134,0.00013664345,9.01,0.004619475,5,-9.1794872,10.976378
nsr009,6600,0.74419851,0.728,0.704,0.0036081595,0.8661296,3.2735577,0.060067957,0.088,0.022111432,1,403,1,0.0013828567,0.001859367,0.0012855705,0.00012783988,10.06,0.0046556341,5,-8.0810811,9.6589147
nsr009,6630,0.74513433,0.728,0.704,0.003313144,0.62968997,2.5459503,0.057559917,0.096,0.021275066,1,402,1,0.0010525471,0.0020502111,0.0010568605,0.00013459386,7.85,0.0042942126,5,-8.2251656,9.4285714
nsr009,6660,0.74178218,0.728,0.696,0.0031201112,0.7897139,2.9264914,0.055857956,0.08,0.020958662,1,404,1,0.00084169871,0.0021005719,0.00093405349,0.00012472225,7.49,0.0040010463,5,-8.8243243,10.488189
nsr009,6690,0.7352549,0.72,0.704,0.0028044361,1.0624444,3.677394,0.052956927,0.064,0.02016151,1,408,1,0.00041377965,0.0020743448,0.00095744814,0.00011067538,8.65,0.003556248,5,-8.1486486,9.2096774
nsr009,6720,0.72234615,0.712,0.704,0.002032304,1.0855239,4.8091482,0.045081082,0.048,0.018402724,1,416,1,3.5875006e-05,0.0015431452,0.00091011228,0.00012983517,7.01,0.0026189677,5,-7.630137,8.4242424
nsr009,6750,0.71560859,0.704,0.704,0.0017405163,1.1389965,5.4722379,0.041719495,0.048,0.017995215,1,419,1,0.00014790023,0.0011354321,0.00089290329,9.0313977e-05,9.89,0.0022665496,5,-8.2328767,9.1603053
nsr009,6780,0.70935225,0.704,0.704,0.0019821292,1.1000136,5.034279,0.044521109,0.048,0.017752378,1,423,1,0.00044870886,0.0012230571,0.00086382229,9.0447439e-05,9.55,0.0026260357,5,-8.2857143,9.4108527
nsr009,6810,0.70550588,0.704,0.704,0.0022319911,0.97587166,4.5194094,0.047243953,0.056,0.018127432,1,425,1,0.0007930567,0.0012109999,0.00091928657,9.675401e-05,9.5,0.0030200971,5,-7.9183673,9.0447761
nsr009,6840,0.70033645,0.696,0.704,0.0022497788,0.90191696,4.372775,0.047431833,0.064,0.017235658,1,428,1,0.0011674161,0.0011052517,0.00076852012,8.1810939e-05,9.39,0.0031229988,5,-6.9333333,7.8074074
nsr009,6870,0.69693023,0.688,0.664,0.0023699671,0.97833544,4.2301215,0.048682308,0.064,0.017182416,1,430,1,0.0015992153,0.00093890108,0.00071527559,8.6476549e-05,8.27,0.0033398685,5,-7.0738255,6.8358209
nsr009,6900,0.69034101,0.68,0.656,0.0022392368,1.0431388,4.7352218,0.047320575,0.064,0.016625199,1,434,1,0.001413045,0.00084474355,0.00083780762,7.5693009e-05,11.07,0.0031712891,5,-6.2091503,5.6030534
