demo,t_win,0.000000,60.000000,120.000000,180.000000,240.000000,300.000000,360.000000,420.000000,480.000000,540.000000,600.000000,660.000000,720.000000,780.000000,840.000000,900.000000,960.000000,1020.000000,1080.000000,1140.000000,1200.000000,1260.000000,1320.000000,1380.000000,1440.000000,1500.000000,1560.000000,1620.000000,1680.000000,1740.000000,1800.000000,1860.000000,1920.000000,1980.000000,2040.000000,2100.000000,2160.000000,2220.000000,2280.000000,2340.000000,2400.000000,2460.000000,2520.000000,2580.000000,2640.000000,2700.000000,2760.000000,2820.000000,2880.000000,2940.000000,3000.000000,3060.000000,3120.000000,3180.000000,3240.000000,3300.000000,3360.000000,3420.000000,3480.000000,3540.000000,3600.000000,3660.000000,3720.000000,3780.000000,3840.000000,3900.000000,3960.000000,4020.000000,4080.000000,4140.000000,4200.000000,4260.000000,4320.000000,4380.000000,4440.000000,4500.000000,4560.000000,4620.000000,4680.000000,4740.000000,4800.000000,4860.000000,4920.000000,4980.000000,5040.000000,5100.000000,5160.000000,5220.000000,5280.000000,5340.000000,5400.000000,5460.000000,5520.000000,5580.000000,5640.000000,5700.000000,5760.000000,5820.000000,5880.000000,5940.000000,6000.000000,6060.000000,6120.000000,6180.000000,6240.000000,6300.000000,6360.000000,6420.000000,6480.000000,6540.000000,6600.000000,6660.000000,6720.000000,6780.000000,6840.000000,6900.000000,6960.000000,7020.000000,7080.000000,7140.000000,7200.000000,7260.000000,7320.000000,7380.000000,7440.000000,7500.000000,7560.000000,7620.000000,7680.000000,7740.000000,7800.000000,7860.000000,7920.000000,7980.000000,8040.000000,8100.000000,8160.000000,8220.000000,8280.000000,8340.000000,8400.000000,8460.000000,8520.000000,8580.000000,8640.000000,8700.000000,8760.000000,8820.000000,8880.000000,8940.000000,9000.000000,9060.000000,9120.000000,9180.000000,9240.000000,9300.000000,9360.000000,9420.000000,9480.000000,9540.000000,9600.000000,9660.000000,9720.000000,9780.000000,9840.000000,9900.000000,9960.000000,10020.000000,10080.000000,10140.000000,10200.000000,10260.000000,10320.000000,10380.000000,10440.000000,10500.000000,10560.000000,10620.000000,10680.000000,10740.000000,10800.000000,10860.000000,10920.000000,10980.000000,11040.000000,11100.000000,11160.000000,11220.000000,11280.000000,11340.000000,11400.000000,11460.000000,11520.000000,11580.000000,11640.000000,11700.000000,11760.000000,11820.000000,11880.000000,11940.000000,12000.000000,12060.000000,12120.000000,12180.000000,12240.000000,12300.000000,12360.000000,12420.000000,12480.000000,12540.000000,12600.000000,12660.000000,12720.000000,12780.000000,12840.000000,12900.000000,12960.000000,13020.000000,13080.000000,13140.000000,13200.000000,13260.000000,13320.000000,13380.000000,13440.000000,13500.000000,13560.000000,13620.000000,13680.000000,13740.000000,13800.000000,13860.000000,13920.000000,13980.000000,14040.000000,14100.000000,14160.000000,14220.000000,14280.000000,14340.000000,14400.000000,14460.000000,14520.000000,14580.000000,14640.000000,14700.000000,14760.000000,14820.000000,14880.000000,14940.000000,15000.000000,15060.000000,15120.000000,15180.000000,15240.000000,15300.000000,15360.000000,15420.000000,15480.000000,15540.000000,15600.000000,15660.000000,15720.000000,15780.000000,15840.000000,15900.000000,15960.000000,16020.000000,16080.000000,16140.000000,16200.000000,16260.000000,16320.000000,16380.000000,16440.000000,16500.000000,16560.000000,16620.000000,16680.000000,16740.000000,16800.000000,16860.000000,16920.000000,16980.000000,17040.000000,17100.000000,17160.000000,17220.000000,17280.000000,17340.000000,17400.000000,17460.000000,17520.000000,17580.000000,17640.000000,17700.000000
demo,ac,-8.573214,-9.771583,-11.507299,-11.639286,-11.958929,-10.586957,-10.458633,-9.386861,-9.768116,-10.054348,-10.314189,-10.193333,-10.489726,-9.900000,-9.477431,-10.436131,-9.808099,-10.398936,-10.703901,-10.139456,-10.217466,-10.309211,-10.543333,-9.537162,-9.458042,-8.685374,-9.494932,-9.659247,-10.463576,-10.388710,-10.036184,-10.205000,-9.344178,-9.353873,-11.255357,-10.262500,-10.467857,-10.199301,-8.875839,-9.479299,-9.435937,-10.052548,-10.089172,-10.326797,-11.032051,-12.202229,-10.917742,-9.684783,-9.407975,-8.621118,-8.804276,-9.576531,-10.783688,-12.412313,-12.941606,-11.340278,-9.652397,-8.966561,-7.885671,-7.206587,-7.736765,-8.525602,-8.254717,-8.996875,-10.261589,-9.894040,-9.716887,-9.621622,-8.132759,-7.669014,-6.813793,-6.629433,-6.662069,-7.243197,-8.696918,-9.305921,-9.451613,-10.091346,-9.390823,-9.937898,-10.761076,-10.911765,-10.720779,-10.227987,-9.213836,-8.547256,-8.415663,-7.079341,-7.298485,-7.719828,-8.137427,-8.906627,-8.320122,-9.051775,-7.791908,-7.897727,-8.349138,-8.453593,-8.656250,-9.889063,-9.784161,-9.659639,-8.754310,-9.104412,-8.593567,-9.172059,-9.221698,-9.630645,-8.373437,-8.320513,-8.536164,-8.266467,-8.465361,-8.552023,-8.440341,-8.981183,-7.988281,-7.608073,-7.147606,-6.806757,-6.918994,-7.546875,-8.835799,-8.795732,-8.581250,-8.430982,-7.735465,-8.207386,-8.573864,-9.348870,-9.790663,-10.739458,-10.709627,-10.959581,-10.418155,-11.188297,-11.190890,-10.131087,-10.782674,-8.894654,-9.021104,-10.943396,-11.016566,-10.909938,-10.949405,-9.965976,-8.241228,-9.279412,-9.380882,-10.391975,-10.253145,-10.053125,-8.540936,-8.105714,-7.785928,-8.054734,-8.118343,-8.572485,-8.634036,-8.292899,-9.151198,-10.017081,-9.418675,-9.649701,-9.230655,-9.230539,-8.243939,-9.307566,-9.591195,-8.363924,-8.726563,-9.071212,-8.523810,-9.299708,-10.014706,-10.317251,-9.639881,-9.280488,-10.016667,-9.052147,-9.208589,-8.927273,-8.096154,-8.600282,-8.796961,-8.219444,-8.299202,-8.781944,-9.177143,-9.395833,-10.618105,-9.653381,-9.703320,-9.164779,-8.751366,-8.432796,-8.638441,-9.011111,-8.711207,-9.071429,-8.766082,-8.939306,-9.913228,-9.340674,-9.016356,-8.978310,-8.477513,-7.997449,-7.916667,-7.387056,-7.471925,-8.013158,-7.939560,-8.243056,-9.086486,-9.077348,-10.121469,-10.061429,-9.876488,-9.226879,-8.885593,-9.075581,-8.142857,-8.290730,-8.619253,-8.694602,-9.008380,-8.179521,-7.485526,-7.660156,-7.410804,-6.932836,-7.402228,-8.141250,-7.603627,-7.949198,-8.697861,-8.477632,-8.685567,-8.500000,-7.517588,-7.799731,-8.276389,-9.323099,-8.778614,-8.497222,-8.303571,-7.755464,-7.621728,-7.529891,-8.497312,-7.795812,-7.569372,-7.420213,-7.200798,-7.794444,-9.031250,-8.650568,-8.676966,-10.291667,-8.896648,-8.783967,-7.734973,-8.016304,-7.659341,-8.912356,-9.732036,-9.721893,-9.510057,-9.566011,-8.792373,-8.767857,-9.037143,-7.758427,-7.556630,-7.186441,-7.465517,-7.518678,-8.057803,-8.316474,-7.691520,-8.207353,-9.026946,-9.680645,-9.866793,-9.571114,-9.076475,-8.493855,-8.679412,-7.976879,-8.066964,-8.349702,-8.850000,-8.831325,-8.232353,-7.245588
demo,dc,8.539007,9.198980,10.712171,10.625000,10.767857,10.978041,10.915493,9.630435,9.704887,9.573643,9.542636,9.264599,10.187500,9.176871,9.707770,10.897959,10.096014,9.510274,9.402318,8.793269,8.958599,9.584906,8.083841,9.127358,8.704687,8.566129,9.189542,8.987013,9.966667,10.602349,10.802721,10.607639,9.358392,9.026042,10.256757,10.406250,10.130719,11.385906,9.887324,9.964539,11.128521,11.330357,11.317241,11.498355,11.717905,12.468333,11.685127,10.012500,9.275602,8.139394,8.246835,9.128205,9.839869,10.579470,10.993333,9.386792,8.622671,8.993939,7.700321,8.108280,8.387821,8.881667,8.474026,8.432258,9.453822,9.274510,9.490000,9.637324,7.841727,7.450355,6.907143,6.801056,7.444643,8.276786,8.894928,9.680556,9.149007,10.814626,10.329470,11.573718,12.241830,10.862179,10.712733,9.606061,8.868902,8.105882,7.328035,8.055556,7.654412,7.949405,8.629518,9.325472,8.816667,9.391304,8.628882,8.613924,8.793478,9.196221,9.668155,9.532209,10.095912,9.476563,8.988924,9.390909,9.356928,10.468750,9.444940,10.072289,8.962733,7.894970,8.516667,7.763804,8.233728,8.495562,8.980994,9.011494,8.395480,8.005495,7.454301,7.025401,7.959677,8.774011,9.543605,9.191860,9.565476,7.484756,7.683735,8.394172,8.907975,9.993939,10.200292,9.950000,10.253125,10.962500,10.390432,10.827275,10.122061,9.304414,9.335801,9.639948,8.827381,10.209770,10.265805,10.821023,10.038235,9.332353,9.416168,9.260606,9.566667,10.277607,9.989645,9.454969,8.636364,7.992604,7.733051,7.559322,7.832865,8.320833,8.119186,8.097953,9.305723,9.425150,9.882716,9.793478,9.897516,9.246914,8.922468,8.856928,8.568598,7.750000,7.441520,8.436047,8.353352,9.490278,9.163842,9.146175,8.947861,8.277322,9.860632,8.995690,9.056090,8.264423,7.633758,8.254545,8.289773,7.783422,7.998684,8.849476,8.529891,8.318681,8.995885,8.421628,8.280733,8.244451,8.856742,8.715278,8.336158,9.064171,8.876437,8.989884,8.933908,9.817901,9.556780,9.197988,8.607491,8.331088,7.813859,7.566406,7.708333,7.659794,7.581551,7.604712,8.001295,8.111979,9.182895,9.720207,9.252618,10.244475,9.683989,9.041429,8.650568,8.646307,7.850275,7.625000,7.453608,7.944301,7.967277,8.490691,8.125000,8.544944,8.274286,8.073446,8.780702,8.976331,9.022189,8.724138,9.040503,8.472222,8.718750,8.638158,8.161376,8.144737,8.163043,8.879076,9.094444,8.467330,8.771930,7.889831,7.881793,7.810160,8.158974,7.994681,7.972826,8.320856,7.838235,7.819293,8.138158,8.631510,8.319010,9.013021,8.231250,7.987437,7.500000,7.587989,8.000000,8.365607,9.004261,8.752778,9.521429,9.516949,8.750000,9.052486,8.414865,7.857923,7.700820,7.111582,7.928161,7.309942,7.302557,8.080460,7.793939,8.759259,10.378125,9.556818,10.011058,9.929158,8.711334,8.693030,8.293605,7.908046,8.094477,8.517081,8.213190,8.223926,8.092262,7.829412
demo,ulf,0.000220,0.000571,0.000856,0.000824,0.000411,0.002033,0.002277,0.000977,0.000789,0.001228,0.001306,0.000720,0.000114,0.000638,0.001767,0.001059,0.000150,0.002072,0.003330,0.002448,0.000574,0.000248,0.000059,0.000308,0.001217,0.000845,0.001040,0.002153,0.001754,0.000421,0.000900,0.000397,0.000067,0.000007,0.000007,0.000167,0.000404,0.000811,0.000645,0.002098,0.002343,0.001654,0.001217,0.001969,0.001592,0.003375,0.001003,0.000208,0.000231,0.000400,0.000326,0.001002,0.000715,0.000477,0.000421,0.000970,0.000296,0.000040,0.000120,0.000168,0.000048,0.000011,0.000073,0.000035,0.000356,0.000353,0.000556,0.000131,0.000017,0.000055,0.000035,0.000016,0.000006,0.000126,0.000376,0.001013,0.001682,0.000525,0.000595,0.000980,0.000552,0.000961,0.000454,0.000221,0.000216,0.000262,0.000279,0.000534,0.000871,0.000493,0.000684,0.000718,0.000789,0.000600,0.000440,0.000873,0.000345,0.000187,0.000105,0.000208,0.000094,0.000726,0.001825,0.001236,0.000725,0.001201,0.000659,0.000030,0.000026,0.000088,0.000055,0.000127,0.000017,0.000066,0.000073,0.000290,0.001079,0.000528,0.000307,0.000134,0.000721,0.001150,0.001097,0.000594,0.000042,0.000669,0.001483,0.000694,0.000382,0.000609,0.000796,0.000092,0.000240,0.000169,0.001257,0.000598,0.000507,0.000875,0.001712,0.000553,0.000100,0.000581,0.003203,0.001555,0.000691,0.000588,0.000880,0.000092,0.000129,0.000003,0.000027,0.000039,0.000286,0.000454,0.000350,0.000141,0.000236,0.000050,0.000313,0.000326,0.000133,0.000071,0.000045,0.000015,0.000022,0.000047,0.000005,0.000084,0.000125,0.001241,0.000953,0.000594,0.000053,0.000148,0.000094,0.000737,0.000242,0.000446,0.001624,0.002760,0.000773,0.000294,0.001173,0.002265,0.001526,0.000250,0.000028,0.000037,0.000139,0.000284,0.000539,0.000137,0.000045,0.001016,0.000486,0.000110,0.000221,0.000554,0.000625,0.000361,0.000074,0.000163,0.000086,0.001038,0.001788,0.001234,0.000256,0.000103,0.000082,0.000003,0.000370,0.000230,0.000044,0.000172,0.000192,0.000834,0.000046,0.000799,0.001206,0.001374,0.000960,0.001482,0.000223,0.001483,0.002341,0.001279,0.000657,0.001274,0.000100,0.000083,0.000036,0.000023,0.000045,0.000161,0.000103,0.000185,0.000133,0.000308,0.000264,0.000332,0.000692,0.001328,0.000288,0.000111,0.000114,0.000019,0.000047,0.000522,0.000831,0.000214,0.000049,0.000080,0.000025,0.000181,0.000446,0.000414,0.000203,0.000396,0.000208,0.000133,0.000307,0.000299,0.000618,0.001392,0.001953,0.000881,0.000169,0.000263,0.000097,0.000072,0.000233,0.000454,0.000563,0.000319,0.000512,0.000277,0.000064,0.000044,0.000227,0.000352,0.001445,0.002172,0.001807,0.000172,0.000229,0.000167,0.000184,0.000249,0.000258,0.000097,0.000048,0.000196,0.000110,0.000413,0.000559,0.000418
demo,vlf,0.003594,0.003042,0.002841,0.002530,0.003136,0.002683,0.002854,0.002447,0.001467,0.001282,0.002597,0.002395,0.002443,0.002595,0.001634,0.001145,0.000692,0.003037,0.002608,0.002479,0.002221,0.000609,0.001271,0.001950,0.002428,0.003852,0.004247,0.003503,0.003798,0.003730,0.003299,0.003497,0.002694,0.002004,0.001506,0.000719,0.000828,0.001624,0.002139,0.005379,0.009168,0.009870,0.009181,0.007872,0.006932,0.003207,0.003660,0.002828,0.002470,0.002301,0.001673,0.001779,0.002263,0.003014,0.004605,0.004942,0.004606,0.004354,0.004056,0.002094,0.001960,0.002006,0.001330,0.001397,0.001702,0.001226,0.001143,0.000558,0.000118,0.000097,0.000028,0.000033,0.000029,0.001035,0.001182,0.001325,0.001681,0.002616,0.001802,0.001957,0.002049,0.001124,0.001428,0.001993,0.001397,0.001238,0.001835,0.002601,0.002223,0.002919,0.003075,0.002287,0.002039,0.002905,0.002377,0.001851,0.002073,0.001306,0.001003,0.000949,0.000941,0.002167,0.002146,0.002689,0.002735,0.002568,0.002693,0.002064,0.001616,0.001205,0.000604,0.001362,0.001394,0.002222,0.002236,0.002196,0.001717,0.001646,0.001138,0.001263,0.001502,0.002317,0.002467,0.002651,0.001868,0.002611,0.001480,0.003307,0.003705,0.003896,0.004828,0.004028,0.003351,0.003448,0.003516,0.002328,0.002260,0.002406,0.001812,0.001529,0.001427,0.002731,0.003303,0.004514,0.004210,0.003405,0.002989,0.001774,0.002509,0.002587,0.002582,0.002106,0.002230,0.001135,0.001605,0.002279,0.002247,0.002348,0.001611,0.000995,0.000649,0.001327,0.000920,0.001057,0.001212,0.001030,0.000938,0.001239,0.001807,0.001844,0.001928,0.001872,0.001768,0.002129,0.001858,0.003043,0.003472,0.003060,0.002839,0.002948,0.000798,0.001053,0.000988,0.002055,0.001905,0.002090,0.002615,0.003372,0.003211,0.003137,0.002942,0.002268,0.002822,0.003410,0.003905,0.003667,0.003511,0.002170,0.001045,0.002946,0.003454,0.003612,0.004762,0.003689,0.002314,0.002611,0.002096,0.001264,0.001097,0.001424,0.001960,0.003839,0.004549,0.004822,0.004547,0.003773,0.002428,0.002970,0.003112,0.005349,0.006037,0.004762,0.004191,0.003552,0.002634,0.003099,0.003469,0.002113,0.001901,0.001469,0.001719,0.001461,0.001572,0.002223,0.002868,0.002315,0.002090,0.002527,0.002022,0.001537,0.001373,0.001469,0.000930,0.000883,0.001019,0.000896,0.000779,0.000968,0.001449,0.001852,0.002660,0.002235,0.002505,0.002513,0.001632,0.001304,0.001600,0.001624,0.001419,0.003248,0.003055,0.003547,0.004039,0.003620,0.002230,0.002591,0.001512,0.001359,0.002401,0.002131,0.001614,0.001395,0.001587,0.001090,0.000919,0.000987,0.001518,0.001093,0.003098,0.004631,0.004713,0.004108,0.004208,0.000083,0.000184,0.000543,0.001003,0.000940,0.000923,0.000947,0.000590,0.000477,0.001449,0.001489,0.001360,0.001326
demo,lf,0.001287,0.001317,0.001681,0.001697,0.001767,0.001415,0.001453,0.000912,0.001059,0.000923,0.000948,0.001061,0.001435,0.001312,0.001152,0.001222,0.001087,0.001197,0.001256,0.001228,0.001035,0.001240,0.001106,0.001043,0.001027,0.001639,0.001592,0.001310,0.001905,0.001868,0.001491,0.001903,0.001507,0.001099,0.001690,0.001475,0.001287,0.001660,0.001605,0.001419,0.002250,0.002244,0.002252,0.002211,0.001864,0.001876,0.001917,0.001864,0.002087,0.002137,0.001939,0.001775,0.002323,0.002148,0.001867,0.001826,0.001854,0.001858,0.001469,0.001258,0.001182,0.000715,0.000694,0.000875,0.000987,0.001056,0.001014,0.000669,0.000467,0.000310,0.000168,0.000261,0.000296,0.000730,0.000776,0.000957,0.001074,0.001177,0.001171,0.001527,0.001491,0.001314,0.001504,0.001731,0.001437,0.001396,0.001421,0.001218,0.000841,0.001759,0.001764,0.001613,0.001537,0.001675,0.001036,0.000939,0.001162,0.001225,0.001282,0.001229,0.001175,0.001406,0.001442,0.001416,0.001654,0.001828,0.001521,0.001256,0.001009,0.000720,0.000485,0.000999,0.000953,0.001412,0.001516,0.002015,0.001334,0.001249,0.001019,0.001154,0.001271,0.001832,0.002026,0.002064,0.001575,0.001652,0.001354,0.001458,0.001626,0.001885,0.001939,0.001711,0.001333,0.001222,0.001503,0.001806,0.001489,0.001561,0.001500,0.001508,0.001445,0.002192,0.003080,0.002924,0.002905,0.002447,0.001985,0.001355,0.001765,0.001727,0.001712,0.001528,0.001293,0.000883,0.000611,0.000741,0.000818,0.001035,0.000910,0.000894,0.000979,0.001091,0.000821,0.001000,0.001146,0.001235,0.001137,0.001281,0.001169,0.000955,0.000978,0.001068,0.001326,0.001483,0.001641,0.001749,0.001620,0.001712,0.001448,0.001311,0.001197,0.000950,0.000516,0.000752,0.000933,0.001083,0.001393,0.001702,0.001384,0.001270,0.001237,0.001221,0.001082,0.001820,0.001991,0.002139,0.001841,0.001937,0.001135,0.001493,0.001275,0.001439,0.001347,0.001185,0.000808,0.000969,0.000937,0.001059,0.000975,0.001432,0.001215,0.001656,0.001822,0.002029,0.002003,0.002018,0.002305,0.001842,0.001890,0.001378,0.001907,0.001297,0.001360,0.001070,0.001010,0.000808,0.000780,0.000637,0.000781,0.000661,0.001039,0.000988,0.001430,0.001289,0.001164,0.000820,0.001187,0.000870,0.000990,0.001013,0.001155,0.000957,0.001080,0.001202,0.001340,0.001151,0.001027,0.001261,0.001505,0.001690,0.001849,0.001633,0.001333,0.001165,0.000970,0.000633,0.000842,0.001150,0.001120,0.001193,0.001263,0.001509,0.001431,0.001413,0.001268,0.001586,0.001359,0.001326,0.001729,0.001822,0.001388,0.001208,0.001422,0.000904,0.000890,0.000885,0.000892,0.000822,0.001198,0.001163,0.001260,0.001155,0.001102,0.000568,0.000674,0.000922,0.000898,0.000808,0.000868,0.000842,0.000720,0.000887,0.001092,0.000914,0.000789,0.000592
demo,hf,0.000381,0.000364,0.000403,0.000417,0.000408,0.000387,0.000384,0.000297,0.000354,0.000332,0.000314,0.000308,0.000427,0.000414,0.000435,0.000474,0.000479,0.000332,0.000297,0.000285,0.000232,0.000219,0.000244,0.000273,0.000300,0.000351,0.000389,0.000312,0.000330,0.000349,0.000313,0.000329,0.000312,0.000305,0.000333,0.000383,0.000309,0.000368,0.000330,0.000294,0.000353,0.000397,0.000401,0.000520,0.000578,0.000611,0.000509,0.000467,0.000459,0.000408,0.000365,0.000339,0.000546,0.000360,0.000415,0.000402,0.000394,0.000365,0.000285,0.000240,0.000268,0.000280,0.000266,0.000283,0.000314,0.000301,0.000305,0.000345,0.000295,0.000274,0.000267,0.000237,0.000242,0.000294,0.000247,0.000331,0.000400,0.000395,0.000476,0.000512,0.000424,0.000384,0.000362,0.000303,0.000254,0.000278,0.000275,0.000258,0.000247,0.000293,0.000377,0.000367,0.000381,0.000345,0.000316,0.000286,0.000325,0.000343,0.000376,0.000374,0.000369,0.000307,0.000292,0.000268,0.000263,0.000241,0.000271,0.000282,0.000238,0.000238,0.000245,0.000287,0.000264,0.000323,0.000351,0.000331,0.000264,0.000271,0.000280,0.000294,0.000276,0.000402,0.000349,0.000316,0.000318,0.000256,0.000375,0.000280,0.000268,0.000301,0.000404,0.000492,0.000394,0.000399,0.000391,0.000673,0.000603,0.000580,0.000631,0.000682,0.000336,0.000387,0.000387,0.000310,0.000287,0.000253,0.000239,0.000372,0.000401,0.000460,0.000460,0.000448,0.000291,0.000320,0.000251,0.000221,0.000254,0.000299,0.000278,0.000301,0.000394,0.000371,0.000335,0.000330,0.000381,0.000419,0.000305,0.000351,0.000336,0.000234,0.000247,0.000289,0.000289,0.000318,0.000340,0.000361,0.000308,0.000284,0.000283,0.000277,0.000297,0.000302,0.000279,0.000370,0.000337,0.000295,0.000309,0.000338,0.000272,0.000292,0.000420,0.000436,0.000411,0.000433,0.000434,0.000318,0.000276,0.000321,0.000298,0.000329,0.000312,0.000392,0.000366,0.000322,0.000277,0.000266,0.000187,0.000155,0.000159,0.000204,0.000209,0.000220,0.000274,0.000296,0.000360,0.000348,0.000421,0.000420,0.000433,0.000338,0.000329,0.000247,0.000452,0.000297,0.000293,0.000362,0.000321,0.000244,0.000310,0.000298,0.000255,0.000261,0.000295,0.000293,0.000280,0.000292,0.000415,0.000399,0.000423,0.000427,0.000417,0.000319,0.000281,0.000242,0.000243,0.000229,0.000280,0.000291,0.000281,0.000288,0.000290,0.000257,0.000235,0.000265,0.000261,0.000247,0.000350,0.000350,0.000330,0.000486,0.000449,0.000343,0.000332,0.000371,0.000263,0.000257,0.000274,0.000281,0.000317,0.000280,0.000262,0.000271,0.000282,0.000190,0.000200,0.000237,0.000210,0.000208,0.000283,0.000300,0.000343,0.000300,0.000325,0.000250,0.000289,0.000271,0.000259,0.000282,0.000268,0.000238,0.000232,0.000234,0.000189,0.000209,0.000212,0.000214
demo,lfhf,3.380000,3.620000,4.170000,4.070000,4.330000,3.660000,3.790000,3.070000,2.990000,2.780000,3.020000,3.440000,3.360000,3.170000,2.650000,2.580000,2.270000,3.600000,4.230000,4.320000,4.460000,5.650000,4.530000,3.820000,3.420000,4.670000,4.100000,4.200000,5.760000,5.350000,4.760000,5.790000,4.830000,3.600000,5.080000,3.860000,4.160000,4.510000,4.870000,4.820000,6.380000,5.660000,5.620000,4.260000,3.220000,3.070000,3.770000,3.990000,4.550000,5.230000,5.310000,5.230000,4.250000,5.970000,4.490000,4.540000,4.700000,5.080000,5.150000,5.230000,4.410000,2.560000,2.600000,3.090000,3.150000,3.500000,3.330000,1.940000,1.580000,1.130000,0.630000,1.100000,1.220000,2.480000,3.140000,2.890000,2.680000,2.980000,2.460000,2.980000,3.520000,3.420000,4.150000,5.720000,5.660000,5.020000,5.170000,4.710000,3.410000,6.000000,4.680000,4.390000,4.040000,4.850000,3.280000,3.280000,3.580000,3.570000,3.410000,3.290000,3.190000,4.590000,4.940000,5.280000,6.300000,7.600000,5.620000,4.460000,4.250000,3.020000,1.980000,3.470000,3.610000,4.370000,4.320000,6.080000,5.050000,4.610000,3.640000,3.930000,4.600000,4.560000,5.810000,6.520000,4.950000,6.450000,3.610000,5.200000,6.060000,6.270000,4.800000,3.480000,3.380000,3.060000,3.840000,2.680000,2.470000,2.690000,2.380000,2.210000,4.300000,5.670000,7.960000,9.420000,10.110000,9.670000,8.310000,3.640000,4.410000,3.750000,3.720000,3.410000,4.440000,2.760000,2.440000,3.350000,3.220000,3.460000,3.280000,2.970000,2.490000,2.940000,2.450000,3.030000,3.010000,2.950000,3.720000,3.650000,3.480000,4.070000,3.960000,3.700000,4.580000,4.660000,4.820000,4.840000,5.250000,6.030000,5.110000,4.740000,4.020000,3.150000,1.850000,2.030000,2.770000,3.670000,4.500000,5.040000,5.100000,4.350000,2.940000,2.800000,2.630000,4.200000,4.590000,6.740000,6.680000,6.030000,3.810000,4.530000,4.080000,3.670000,3.680000,3.670000,2.920000,3.650000,5.010000,6.860000,6.140000,7.010000,5.810000,7.520000,6.660000,6.850000,5.570000,5.810000,5.480000,4.380000,4.370000,4.070000,5.800000,5.240000,3.010000,3.600000,3.450000,2.230000,2.430000,2.610000,2.520000,2.220000,4.080000,3.790000,4.850000,4.410000,4.160000,2.800000,2.860000,2.180000,2.340000,2.370000,2.770000,3.000000,3.850000,4.970000,5.510000,5.030000,3.670000,4.330000,5.350000,5.870000,6.380000,6.350000,5.680000,4.400000,3.710000,2.560000,2.410000,3.280000,3.390000,2.460000,2.810000,4.400000,4.310000,3.810000,4.820000,6.160000,4.970000,4.730000,5.460000,6.510000,5.300000,4.450000,5.040000,4.750000,4.450000,3.730000,4.240000,3.960000,4.240000,3.880000,3.680000,3.850000,3.390000,2.270000,2.330000,3.400000,3.470000,2.860000,3.240000,3.540000,3.110000,3.790000,5.770000,4.380000,3.710000,2.770000
demo,ttlpwr,0.005482,0.005294,0.005782,0.005467,0.005722,0.006519,0.006968,0.004633,0.003670,0.003765,0.005164,0.004485,0.004418,0.004960,0.004986,0.003900,0.002408,0.006638,0.007492,0.006439,0.004063,0.002316,0.002680,0.003574,0.004973,0.006687,0.007268,0.007278,0.007787,0.006368,0.006003,0.006126,0.004579,0.003414,0.003536,0.002744,0.002828,0.004462,0.004719,0.009189,0.014114,0.014165,0.013052,0.012572,0.010966,0.009070,0.007090,0.005367,0.005247,0.005246,0.004303,0.004895,0.005848,0.005999,0.007308,0.008141,0.007150,0.006618,0.005930,0.003760,0.003458,0.003012,0.002363,0.002590,0.003358,0.002936,0.003018,0.001702,0.000897,0.000735,0.000498,0.000546,0.000573,0.002184,0.002582,0.003626,0.004837,0.004712,0.004044,0.004977,0.004516,0.003783,0.003748,0.004248,0.003304,0.003174,0.003810,0.004610,0.004182,0.005464,0.005901,0.004985,0.004746,0.005525,0.004168,0.003949,0.003904,0.003060,0.002767,0.002760,0.002578,0.004605,0.005704,0.005609,0.005376,0.005838,0.005143,0.003631,0.002888,0.002251,0.001389,0.002775,0.002628,0.004023,0.004176,0.004832,0.004395,0.003693,0.002744,0.002845,0.003770,0.005701,0.005938,0.005625,0.003803,0.005189,0.004692,0.005739,0.005981,0.006691,0.007967,0.006323,0.005318,0.005238,0.006668,0.005405,0.004859,0.005422,0.005655,0.004273,0.003308,0.005891,0.009972,0.009303,0.008094,0.006693,0.006093,0.003594,0.004803,0.004778,0.004781,0.004122,0.004100,0.002791,0.002817,0.003383,0.003555,0.003732,0.003111,0.002516,0.002155,0.002860,0.002121,0.002403,0.002760,0.002731,0.002385,0.002955,0.003437,0.004274,0.004106,0.003822,0.003436,0.004078,0.003933,0.005891,0.005641,0.005501,0.006195,0.007295,0.003065,0.002600,0.002956,0.005442,0.004701,0.003717,0.004345,0.005450,0.005004,0.004984,0.005139,0.004062,0.004360,0.006680,0.006816,0.006234,0.005849,0.004981,0.003104,0.005128,0.005116,0.005606,0.006561,0.006234,0.005187,0.005080,0.003475,0.002582,0.002313,0.003063,0.003754,0.005945,0.006688,0.007319,0.007102,0.006973,0.005199,0.006031,0.006640,0.008440,0.009234,0.007787,0.006227,0.006402,0.006278,0.005548,0.005226,0.004268,0.003093,0.002512,0.003049,0.002732,0.003341,0.003966,0.004415,0.003612,0.003825,0.004104,0.003698,0.003309,0.003638,0.004072,0.002580,0.002438,0.002716,0.002294,0.002133,0.003042,0.004066,0.004043,0.004848,0.004205,0.004098,0.004124,0.003309,0.002598,0.002994,0.003520,0.003077,0.005060,0.005074,0.005698,0.006420,0.006796,0.005714,0.005316,0.003313,0.003228,0.004544,0.004305,0.003497,0.003328,0.003854,0.002504,0.002521,0.002385,0.002684,0.002167,0.004806,0.006446,0.007761,0.007735,0.007443,0.001072,0.001377,0.001904,0.002344,0.002280,0.002316,0.002123,0.001590,0.001793,0.002839,0.003026,0.002920,0.002550
demo,fdflag,5.000000,5.000000,5.000000,5.000000,5.000000,5.000000,5.000000,5.000000,5.000000,5.000000,5.000000,5.000000,5.000000,5.000000,5.000000,5.000000,5.000000,5.000000,5.000000,5.000000,5.000000,5.000000,5.000000,5.000000,5.000000,5.000000,5.000000,5.000000,5.000000,5.000000,5.000000,5.000000,5.000000,5.000000,5.000000,5.000000,5.000000,5.000000,5.000000,5.000000,5.000000,5.000000,5.000000,5.000000,5.000000,5.000000,5.000000,5.000000,5.000000,5.000000,5.000000,5.000000,5.000000,5.000000,5.000000,5.000000,5.000000,5.000000,5.000000,5.000000,5.000000,5.000000,5.000000,5.000000,5.000000,5.000000,5.000000,5.000000,5.000000,5.000000,5.000000,5.000000,5.000000,5.000000,5.000000,5.000000,5.000000,5.000000,5.000000,5.000000,5.000000,5.000000,5.000000,5.000000,5.000000,5.000000,5.000000,5.000000,5.000000,5.000000,5.000000,5.000000,5.000000,5.000000,5.000000,5.000000,5.000000,5.000000,5.000000,5.000000,5.000000,5.000000,5.000000,5.000000,5.000000,5.000000,5.000000,5.000000,5.000000,5.000000,5.000000,5.000000,5.000000,5.000000,5.000000,5.000000,5.000000,5.000000,5.000000,5.000000,5.000000,5.000000,5.000000,5.000000,5.000000,5.000000,5.000000,5.000000,5.000000,5.000000,5.000000,5.000000,5.000000,5.000000,5.000000,5.000000,5.000000,5.000000,5.000000,5.000000,5.000000,5.000000,5.000000,5.000000,5.000000,5.000000,5.000000,5.000000,5.000000,5.000000,5.000000,5.000000,5.000000,5.000000,5.000000,5.000000,5.000000,5.000000,5.000000,5.000000,5.000000,5.000000,5.000000,5.000000,5.000000,5.000000,5.000000,5.000000,5.000000,5.000000,5.000000,5.000000,5.000000,5.000000,5.000000,5.000000,5.000000,5.000000,5.000000,5.000000,5.000000,5.000000,5.000000,5.000000,5.000000,5.000000,5.000000,5.000000,5.000000,5.000000,5.000000,5.000000,5.000000,5.000000,5.000000,5.000000,5.000000,5.000000,5.000000,5.000000,5.000000,5.000000,5.000000,5.000000,5.000000,5.000000,5.000000,5.000000,5.000000,5.000000,5.000000,5.000000,5.000000,5.000000,5.000000,5.000000,5.000000,5.000000,5.000000,5.000000,5.000000,5.000000,5.000000,5.000000,5.000000,5.000000,5.000000,5.000000,5.000000,5.000000,5.000000,5.000000,5.000000,5.000000,5.000000,5.000000,5.000000,5.000000,5.000000,5.000000,5.000000,5.000000,5.000000,5.000000,5.000000,5.000000,5.000000,5.000000,5.000000,5.000000,5.000000,5.000000,5.000000,5.000000,5.000000,5.000000,5.000000,5.000000,5.000000,5.000000,5.000000,5.000000,5.000000,5.000000,5.000000,5.000000,5.000000,5.000000,5.000000,5.000000,5.000000,5.000000,5.000000,5.000000,5.000000,5.000000,5.000000,5.000000,5.000000,5.000000,5.000000,5.000000,5.000000,5.000000,5.000000,5.000000,5.000000,5.000000,5.000000,5.000000,5.000000,5.000000,5.000000,5.000000,5.000000,5.000000
demo,NNmean,0.824909,0.801557,0.789795,0.785704,0.783413,0.799408,0.822970,0.841319,0.843448,0.841610,0.813423,0.792047,0.784445,0.795037,0.799555,0.818888,0.833622,0.810941,0.787617,0.765768,0.747828,0.734647,0.740881,0.754970,0.776152,0.783057,0.776426,0.773644,0.764209,0.750313,0.752326,0.755952,0.763303,0.767235,0.765038,0.765607,0.779369,0.792393,0.799705,0.782608,0.774630,0.778249,0.771649,0.756548,0.762492,0.744414,0.728929,0.716267,0.712936,0.720536,0.742765,0.751995,0.760853,0.762076,0.765974,0.746776,0.736593,0.729747,0.733697,0.729117,0.734374,0.735912,0.732557,0.730796,0.737929,0.747446,0.752361,0.765482,0.775310,0.775772,0.781292,0.783924,0.785746,0.780794,0.773222,0.755975,0.733521,0.733888,0.735091,0.735708,0.738648,0.746117,0.733274,0.718909,0.703946,0.695509,0.687039,0.694218,0.700357,0.701757,0.698939,0.714895,0.714221,0.705214,0.707361,0.713819,0.704836,0.695624,0.702243,0.711536,0.715005,0.701283,0.685632,0.684445,0.679054,0.675198,0.690320,0.707575,0.707415,0.703422,0.709090,0.698722,0.697339,0.690250,0.689712,0.673838,0.664772,0.652635,0.649380,0.643028,0.655421,0.674110,0.687860,0.700786,0.711336,0.698706,0.681873,0.684929,0.680491,0.678271,0.700395,0.714573,0.712826,0.714729,0.704448,0.689138,0.690848,0.693265,0.701215,0.719688,0.730602,0.722860,0.694470,0.687966,0.676196,0.672112,0.677803,0.699571,0.697837,0.707320,0.703308,0.701640,0.692584,0.685281,0.691323,0.687698,0.687736,0.693873,0.704164,0.697541,0.705372,0.704859,0.707608,0.706715,0.706337,0.704425,0.708014,0.714321,0.707686,0.691224,0.690195,0.686471,0.670058,0.674404,0.680023,0.661344,0.659336,0.665521,0.673184,0.688778,0.717036,0.719429,0.715184,0.690182,0.670622,0.657037,0.646273,0.644755,0.654499,0.661339,0.667604,0.670002,0.673980,0.657458,0.656689,0.651852,0.656048,0.658105,0.685332,0.670494,0.677765,0.684299,0.679661,0.655981,0.661408,0.642530,0.627153,0.614744,0.615253,0.611565,0.623385,0.612602,0.624121,0.629656,0.635108,0.633095,0.646453,0.659703,0.670555,0.654358,0.654801,0.663803,0.648598,0.618014,0.622718,0.620622,0.613867,0.607632,0.625489,0.633717,0.630023,0.627479,0.627676,0.621308,0.620215,0.622747,0.623210,0.613415,0.618047,0.622021,0.622730,0.631983,0.650549,0.659388,0.667000,0.667000,0.663728,0.653830,0.641053,0.634685,0.625879,0.615078,0.620400,0.626745,0.625065,0.635280,0.634192,0.627962,0.629733,0.629821,0.616432,0.618826,0.632061,0.637645,0.644370,0.664865,0.673527,0.668783,0.671671,0.669924,0.658185,0.656628,0.656996,0.654915,0.655022,0.663506,0.674153,0.678955,0.665324,0.680265,0.694722,0.703829,0.714198,0.738086,0.728607,0.720449,0.710254,0.699315,0.690120,0.688119,0.685629,0.691477,0.692326,0.687757,0.681611,0.678041
demo,NNmedian,0.836000,0.812000,0.805000,0.793000,0.789000,0.797000,0.836000,0.852000,0.852000,0.844000,0.828000,0.797000,0.789000,0.805000,0.805000,0.828000,0.836000,0.828000,0.805000,0.758000,0.742000,0.734000,0.742000,0.758000,0.773000,0.797000,0.789000,0.785000,0.766000,0.758000,0.758000,0.766000,0.766000,0.773000,0.766000,0.766000,0.781000,0.797000,0.805000,0.805000,0.812000,0.820000,0.812000,0.789000,0.789000,0.742000,0.734000,0.727000,0.727000,0.734000,0.750000,0.758000,0.773000,0.773000,0.781000,0.750000,0.734000,0.734000,0.742000,0.742000,0.742000,0.742000,0.742000,0.734000,0.742000,0.750000,0.758000,0.766000,0.773000,0.773000,0.781000,0.781000,0.789000,0.785000,0.781000,0.758000,0.734000,0.734000,0.742000,0.742000,0.742000,0.750000,0.742000,0.727000,0.711000,0.695000,0.688000,0.688000,0.695000,0.703000,0.703000,0.719000,0.719000,0.711000,0.703000,0.719000,0.707000,0.703000,0.711000,0.719000,0.719000,0.711000,0.695000,0.695000,0.688000,0.680000,0.703000,0.719000,0.719000,0.711000,0.711000,0.703000,0.703000,0.695000,0.695000,0.688000,0.672000,0.648000,0.648000,0.648000,0.656000,0.672000,0.695000,0.711000,0.711000,0.703000,0.695000,0.695000,0.688000,0.680000,0.703000,0.719000,0.711000,0.719000,0.711000,0.703000,0.703000,0.703000,0.703000,0.727000,0.734000,0.734000,0.715000,0.699000,0.672000,0.672000,0.688000,0.703000,0.703000,0.711000,0.703000,0.703000,0.695000,0.688000,0.695000,0.688000,0.680000,0.695000,0.711000,0.703000,0.711000,0.711000,0.711000,0.711000,0.711000,0.711000,0.719000,0.719000,0.719000,0.703000,0.695000,0.688000,0.672000,0.680000,0.688000,0.672000,0.672000,0.672000,0.680000,0.703000,0.727000,0.727000,0.719000,0.695000,0.672000,0.664000,0.656000,0.648000,0.656000,0.672000,0.672000,0.672000,0.672000,0.664000,0.656000,0.656000,0.664000,0.664000,0.688000,0.672000,0.688000,0.695000,0.695000,0.656000,0.664000,0.633000,0.617000,0.617000,0.617000,0.617000,0.625000,0.617000,0.633000,0.648000,0.656000,0.648000,0.656000,0.664000,0.680000,0.664000,0.664000,0.680000,0.664000,0.617000,0.633000,0.625000,0.609000,0.602000,0.625000,0.633000,0.633000,0.633000,0.633000,0.633000,0.633000,0.633000,0.633000,0.617000,0.625000,0.633000,0.633000,0.641000,0.656000,0.664000,0.672000,0.672000,0.672000,0.664000,0.641000,0.641000,0.625000,0.617000,0.617000,0.625000,0.625000,0.641000,0.641000,0.633000,0.633000,0.625000,0.609000,0.617000,0.633000,0.648000,0.648000,0.672000,0.680000,0.672000,0.672000,0.672000,0.656000,0.656000,0.656000,0.656000,0.656000,0.672000,0.680000,0.688000,0.680000,0.695000,0.711000,0.719000,0.727000,0.734000,0.727000,0.719000,0.711000,0.703000,0.688000,0.688000,0.688000,0.695000,0.695000,0.688000,0.680000,0.672000
demo,NNmode,0.836000,0.836000,0.812000,0.812000,0.812000,0.766000,0.859000,0.859000,0.859000,0.828000,0.828000,0.781000,0.781000,0.828000,0.797000,0.828000,0.828000,0.844000,0.844000,0.734000,0.734000,0.734000,0.734000,0.758000,0.734000,0.836000,0.836000,0.820000,0.836000,0.750000,0.750000,0.750000,0.750000,0.781000,0.773000,0.781000,0.773000,0.805000,0.812000,0.812000,0.852000,0.812000,0.812000,0.812000,0.812000,0.812000,0.742000,0.734000,0.734000,0.758000,0.773000,0.773000,0.773000,0.805000,0.805000,0.805000,0.727000,0.727000,0.750000,0.734000,0.734000,0.734000,0.734000,0.734000,0.734000,0.758000,0.766000,0.781000,0.766000,0.766000,0.766000,0.766000,0.766000,0.812000,0.812000,0.758000,0.734000,0.734000,0.734000,0.734000,0.766000,0.766000,0.758000,0.703000,0.703000,0.688000,0.688000,0.688000,0.688000,0.711000,0.672000,0.742000,0.742000,0.742000,0.680000,0.742000,0.711000,0.703000,0.703000,0.711000,0.719000,0.719000,0.719000,0.734000,0.703000,0.703000,0.703000,0.703000,0.719000,0.719000,0.719000,0.719000,0.695000,0.695000,0.727000,0.695000,0.695000,0.648000,0.648000,0.648000,0.648000,0.664000,0.664000,0.711000,0.711000,0.711000,0.695000,0.695000,0.695000,0.680000,0.719000,0.719000,0.719000,0.719000,0.719000,0.703000,0.703000,0.703000,0.734000,0.734000,0.734000,0.734000,0.734000,0.656000,0.672000,0.672000,0.711000,0.727000,0.727000,0.727000,0.695000,0.695000,0.695000,0.664000,0.695000,0.664000,0.664000,0.680000,0.727000,0.688000,0.703000,0.703000,0.703000,0.703000,0.719000,0.719000,0.719000,0.719000,0.719000,0.719000,0.727000,0.695000,0.664000,0.695000,0.695000,0.664000,0.695000,0.695000,0.711000,0.711000,0.734000,0.734000,0.742000,0.742000,0.672000,0.680000,0.672000,0.633000,0.695000,0.672000,0.672000,0.656000,0.656000,0.656000,0.656000,0.680000,0.680000,0.672000,0.672000,0.688000,0.688000,0.711000,0.711000,0.617000,0.688000,0.617000,0.617000,0.617000,0.617000,0.617000,0.617000,0.617000,0.648000,0.664000,0.695000,0.680000,0.648000,0.648000,0.688000,0.680000,0.719000,0.688000,0.672000,0.555000,0.672000,0.672000,0.562000,0.594000,0.625000,0.633000,0.617000,0.617000,0.633000,0.633000,0.633000,0.633000,0.633000,0.656000,0.641000,0.641000,0.656000,0.656000,0.656000,0.656000,0.672000,0.672000,0.672000,0.672000,0.672000,0.641000,0.625000,0.594000,0.602000,0.609000,0.656000,0.656000,0.656000,0.656000,0.656000,0.641000,0.578000,0.641000,0.617000,0.648000,0.648000,0.648000,0.688000,0.648000,0.633000,0.688000,0.633000,0.648000,0.641000,0.656000,0.672000,0.672000,0.672000,0.703000,0.703000,0.703000,0.727000,0.727000,0.727000,0.727000,0.727000,0.727000,0.727000,0.688000,0.672000,0.672000,0.672000,0.672000,0.711000,0.672000,0.656000,0.680000
demo,NNvar,0.004039,0.004010,0.004243,0.004009,0.004311,0.005058,0.005260,0.003736,0.003140,0.003108,0.003983,0.003507,0.003410,0.003754,0.003700,0.003001,0.001932,0.004795,0.005498,0.004845,0.003132,0.001768,0.002014,0.002697,0.003681,0.004734,0.005198,0.005119,0.005451,0.004493,0.004285,0.004363,0.003381,0.002638,0.002654,0.002081,0.002238,0.003420,0.003572,0.006534,0.009443,0.009533,0.008720,0.008523,0.007339,0.006113,0.004843,0.003608,0.003484,0.003571,0.003150,0.003570,0.004092,0.004219,0.005115,0.005749,0.005117,0.004814,0.004287,0.002632,0.002400,0.002108,0.001729,0.001896,0.002440,0.002175,0.002198,0.001371,0.000829,0.000707,0.000569,0.000630,0.000665,0.001677,0.001948,0.002652,0.003389,0.003421,0.002960,0.003530,0.003248,0.002688,0.002676,0.002924,0.002300,0.002240,0.002645,0.003230,0.002964,0.003658,0.003963,0.003342,0.003153,0.003719,0.003020,0.002776,0.002748,0.002139,0.001927,0.001912,0.001805,0.003008,0.003667,0.003701,0.003581,0.003813,0.003431,0.002483,0.002002,0.001613,0.001143,0.001874,0.001791,0.002612,0.002720,0.003062,0.002844,0.002471,0.001893,0.001913,0.002547,0.003823,0.003884,0.003655,0.002584,0.003309,0.002890,0.003632,0.003789,0.004235,0.005319,0.004475,0.003776,0.003737,0.004532,0.003451,0.003096,0.003491,0.003570,0.002879,0.002435,0.004006,0.006354,0.006078,0.005344,0.004340,0.003857,0.002453,0.003145,0.003158,0.003197,0.002787,0.002843,0.002060,0.002107,0.002494,0.002617,0.002677,0.002239,0.001792,0.001541,0.001896,0.001488,0.001680,0.001903,0.001934,0.001739,0.002128,0.002419,0.002997,0.002908,0.002747,0.002355,0.002780,0.002637,0.003740,0.003620,0.003578,0.003991,0.004557,0.002172,0.001925,0.002094,0.003415,0.003018,0.002411,0.002749,0.003503,0.003286,0.003210,0.003276,0.002764,0.002921,0.004101,0.004238,0.003902,0.003603,0.003025,0.002151,0.003382,0.003398,0.003675,0.004283,0.004130,0.003453,0.003404,0.002448,0.001638,0.001467,0.001817,0.002235,0.003382,0.003822,0.004157,0.004105,0.003967,0.003124,0.003783,0.004104,0.005333,0.005830,0.005008,0.003970,0.004054,0.003842,0.003524,0.003346,0.002765,0.002108,0.001766,0.001965,0.001713,0.002013,0.002369,0.002658,0.002248,0.002313,0.002544,0.002302,0.002054,0.002212,0.002523,0.001717,0.001653,0.001814,0.001589,0.001502,0.001998,0.002508,0.002542,0.002994,0.002641,0.002572,0.002595,0.002053,0.001679,0.001913,0.002174,0.002020,0.003265,0.003321,0.003572,0.004020,0.004139,0.003445,0.003254,0.002282,0.002245,0.003041,0.002861,0.002379,0.002268,0.002573,0.001721,0.001706,0.001604,0.001797,0.001517,0.003141,0.004274,0.005029,0.004948,0.004728,0.000976,0.001137,0.001464,0.001748,0.001721,0.001752,0.001632,0.001263,0.001393,0.002088,0.002198,0.002146,0.001915
demo,NNskew,-1.607857,-0.978232,-0.965602,-0.915995,-0.682096,-0.129435,-0.736754,-0.926507,-0.537094,-0.580373,-0.673943,-0.481310,-0.748822,-0.929220,-0.950695,-1.240503,-1.959788,-1.211359,-0.457214,0.039371,0.083030,-0.544926,-0.866244,-0.647656,-0.655154,-1.216067,-0.923109,-0.837625,-0.749216,-0.862543,-0.667910,-0.913551,-0.963874,-0.831365,-1.078442,-1.258228,-0.635567,-0.723171,-0.992622,-0.835884,-0.905718,-1.008467,-1.031065,-0.687611,-0.904011,-0.447840,-0.565729,-0.922471,-1.069738,-0.930840,-0.819966,-0.593684,-1.127057,-1.043053,-0.912350,-0.417700,-0.342564,-0.244472,-0.431064,-1.319524,-1.635110,-1.744525,-1.566965,-1.313667,-0.889382,-1.066657,-1.163667,-0.864024,-0.589494,-0.860663,-0.019604,0.071991,0.095812,-2.134552,-1.548937,-0.939879,-0.564725,-0.560061,-0.590565,-0.696701,-0.728093,-0.992540,-0.993612,-1.017396,-0.965216,-0.623645,-0.434675,-0.149611,-0.114440,-0.697817,-0.596766,-0.979130,-1.095533,-0.709478,-0.264458,-0.577768,-0.522578,-0.852870,-1.209099,-1.340492,-1.377210,-1.127013,-0.629558,-0.550267,-0.489163,-0.472718,-0.721391,-1.304573,-1.503567,-1.452792,-0.408896,-1.463769,-1.514234,-1.331478,-1.290835,-1.137990,-0.679429,-0.417357,-0.572074,-0.782166,-0.186122,-0.213230,-0.659963,-1.053084,-1.290502,-1.192632,-1.343413,-0.969363,-0.795553,-0.680264,-0.281902,-0.406181,-0.226915,-0.278171,-0.242132,-1.039287,-1.335393,-1.050107,-1.146261,-1.284313,-0.880797,-0.945722,-0.518313,-0.371792,-0.255134,-0.459606,-0.773022,-1.096576,-1.133709,-1.158508,-0.963351,-0.932235,-0.449877,0.045039,-0.046627,0.107713,0.084663,-0.302169,-0.661519,-0.853495,-1.573299,-1.875245,-1.814554,-1.601916,-1.606296,-1.470479,-1.168098,-0.980895,-0.849982,-0.205095,-0.140178,-0.037129,-0.494671,-0.427539,-0.678613,-0.509026,-0.534922,-0.550944,-0.472314,-0.780378,-1.027029,-0.894373,-0.721134,-0.876474,-0.522957,-0.848117,-0.827175,-0.343217,-0.333223,-0.608789,-0.761536,-0.430962,-0.588554,-0.646500,-0.597119,-0.505038,-0.778655,-0.992770,-0.453937,-0.428116,-0.578490,-0.771327,-0.628017,-0.107763,-0.022587,0.367530,0.814431,-0.778897,-0.920263,-1.281163,-0.987873,-0.857303,-0.909771,-1.006799,-0.996764,-1.015373,-1.134424,-0.526450,-0.724441,-0.253865,-0.296786,-0.390708,-0.452665,0.037231,-0.113461,-0.040560,0.152876,0.522925,0.208098,0.208798,-0.586431,-1.056510,-1.277694,-0.898094,-0.762031,-0.668848,-0.997511,-0.423689,-0.601980,-0.872472,-0.775723,-0.395396,-0.686042,-0.815886,-1.060783,-0.887366,-0.764146,-0.761985,-0.778816,-0.653469,-0.481175,-0.177979,-0.285624,-0.403362,-0.698949,-0.660208,-0.807391,-0.830248,-0.328761,0.010547,0.366701,-0.019516,-0.193029,-0.455617,-0.636564,-1.008254,-0.593452,-0.335366,-0.498910,-0.599417,-0.265728,-0.153904,-0.333821,-0.550558,-0.617994,-1.025850,-1.175547,-1.173612,-0.655000,-0.483272,-0.709054,-0.863950,-1.182182,0.307392,-0.372153,-1.004476,-0.728767,-0.414671,-0.161489,-0.033893,-0.051826,-0.262913,-0.343678,-0.084986,0.192806,0.409803
demo,NNkurt,6.002197,4.033128,4.286297,4.432534,3.977148,3.288374,3.743742,4.272932,3.182175,3.663171,3.179924,3.211557,3.815783,3.880589,4.103626,5.816575,11.474921,4.109515,2.470821,2.516083,3.346899,4.875451,5.967157,4.895855,4.227798,4.824572,3.798384,3.596468,3.470331,3.649612,3.238281,3.667544,4.467925,4.500657,5.584167,7.087310,5.861349,4.433162,4.667663,2.950344,2.928927,3.005527,3.118317,2.683738,3.468309,2.943050,3.546912,4.292175,4.186231,4.100270,3.818821,3.183652,4.563502,4.228967,3.598841,2.642560,2.973467,2.978360,3.431067,5.095482,6.347070,7.208835,6.158890,5.433518,4.558540,5.207867,5.444481,4.956017,4.996701,5.904942,2.096698,2.141905,2.192438,10.051101,6.775498,4.266658,3.182623,3.165109,3.580887,3.482072,3.708663,4.869017,4.716762,4.680491,4.448758,3.996460,4.015000,3.543488,3.396246,4.224572,3.749791,4.847158,5.198552,3.843012,2.813883,3.370312,3.467339,3.988288,4.510032,5.121790,5.386982,4.017020,2.897874,2.879685,2.844375,2.735623,3.047013,4.782270,6.098662,6.797575,3.751005,7.914476,8.365917,5.744109,5.450959,4.322500,3.213548,3.298414,3.964684,4.146430,3.612652,3.292985,3.625626,4.390927,6.177154,5.494364,6.097198,5.040471,4.685119,3.998242,3.529567,3.687031,4.022502,3.911873,3.566028,4.731212,5.548205,4.895347,5.203292,6.688542,4.375654,3.873378,2.485547,2.480850,2.728061,3.185154,3.190923,4.676079,5.042861,5.415424,4.983589,5.898621,4.523106,3.503631,2.854329,2.440689,2.305951,2.859453,3.869665,4.544916,7.671261,8.335031,9.399701,7.776822,7.387419,6.617612,5.111783,4.779305,3.999691,2.316350,2.326386,2.613407,3.035620,2.960715,3.479734,2.846101,2.857898,3.055934,3.072585,3.110370,4.933988,4.609042,3.488883,3.813207,3.432320,3.813415,3.476397,3.159419,3.211473,3.563901,3.807372,3.672104,3.713664,3.814002,3.593235,3.794876,4.357740,5.459052,4.014814,3.138862,3.185397,3.189556,2.499074,2.110840,2.056845,2.514976,4.002132,4.086054,4.785106,5.608368,5.294238,3.846453,3.860073,3.708986,3.481750,3.522426,4.724029,3.928784,3.883751,2.391956,2.229932,2.127932,2.564690,1.882947,2.029464,2.173504,2.289481,2.839078,3.336970,3.641267,4.888826,5.581221,5.763139,4.006242,3.326883,3.058282,4.404755,2.820296,3.405260,4.214259,4.081642,2.563818,3.997277,4.350587,4.456345,4.127415,4.065196,3.744291,3.735018,3.528119,3.251204,3.460051,3.526609,3.330864,3.999076,3.651484,3.819798,3.925105,4.693138,3.450309,3.590770,3.831716,3.153073,2.977110,3.681389,5.067677,3.634182,3.547476,3.461186,3.713924,3.682514,3.858976,3.462406,3.362291,3.449994,4.475831,4.684426,4.853258,2.893733,2.694464,2.660273,2.948431,3.636972,2.509829,4.833160,5.818916,3.968322,3.362646,3.231546,3.245530,3.129959,3.357713,3.245529,2.815548,2.920076,3.422629
demo,SDNN,0.063551,0.063325,0.065136,0.063318,0.065656,0.071118,0.072527,0.061125,0.056040,0.055747,0.063107,0.059216,0.058392,0.061272,0.060831,0.054777,0.043957,0.069245,0.074152,0.069609,0.055966,0.042045,0.044877,0.051933,0.060671,0.068804,0.072097,0.071548,0.073834,0.067033,0.065457,0.066054,0.058143,0.051365,0.051521,0.045620,0.047313,0.058481,0.059765,0.080836,0.097175,0.097638,0.093381,0.092321,0.085668,0.078189,0.069589,0.060065,0.059028,0.059756,0.056129,0.059750,0.063969,0.064952,0.071517,0.075824,0.071531,0.069384,0.065477,0.051302,0.048987,0.045914,0.041585,0.043539,0.049400,0.046641,0.046885,0.037031,0.028799,0.026597,0.023848,0.025090,0.025793,0.040949,0.044135,0.051497,0.058214,0.058488,0.054407,0.059410,0.056994,0.051841,0.051733,0.054076,0.047957,0.047324,0.051430,0.056835,0.054444,0.060481,0.062952,0.057812,0.056151,0.060981,0.054954,0.052689,0.052418,0.046252,0.043901,0.043731,0.042487,0.054849,0.060553,0.060832,0.059844,0.061746,0.058577,0.049828,0.044740,0.040156,0.033806,0.043287,0.042320,0.051109,0.052155,0.055337,0.053332,0.049710,0.043504,0.043739,0.050472,0.061827,0.062323,0.060457,0.050838,0.057523,0.053758,0.060268,0.061553,0.065074,0.072929,0.066897,0.061451,0.061130,0.067321,0.058743,0.055640,0.059083,0.059749,0.053660,0.049348,0.063291,0.079709,0.077963,0.073106,0.065879,0.062103,0.049523,0.056083,0.056194,0.056541,0.052795,0.053320,0.045383,0.045901,0.049938,0.051160,0.051738,0.047318,0.042337,0.039251,0.043547,0.038570,0.040988,0.043626,0.043978,0.041701,0.046126,0.049183,0.054744,0.053929,0.052408,0.048525,0.052728,0.051354,0.061152,0.060168,0.059820,0.063171,0.067506,0.046603,0.043874,0.045756,0.058440,0.054937,0.049107,0.052429,0.059185,0.057327,0.056655,0.057238,0.052570,0.054046,0.064039,0.065097,0.062466,0.060028,0.055003,0.046375,0.058157,0.058294,0.060622,0.065442,0.064265,0.058764,0.058343,0.049478,0.040470,0.038302,0.042630,0.047271,0.058159,0.061825,0.064477,0.064071,0.062984,0.055889,0.061504,0.064062,0.073027,0.076352,0.070770,0.063006,0.063670,0.061986,0.059363,0.057842,0.052585,0.045912,0.042026,0.044330,0.041386,0.044869,0.048675,0.051561,0.047416,0.048094,0.050440,0.047974,0.045321,0.047031,0.050234,0.041435,0.040657,0.042588,0.039864,0.038750,0.044698,0.050076,0.050416,0.054715,0.051392,0.050714,0.050941,0.045305,0.040977,0.043733,0.046623,0.044942,0.057139,0.057626,0.059764,0.063402,0.064336,0.058690,0.057045,0.047773,0.047379,0.055148,0.053491,0.048772,0.047627,0.050721,0.041484,0.041302,0.040053,0.042393,0.038944,0.056045,0.065379,0.070917,0.070345,0.068758,0.031243,0.033718,0.038257,0.041806,0.041479,0.041861,0.040399,0.035542,0.037323,0.045697,0.046887,0.046323,0.043764
demo,NNiqr,0.062000,0.094000,0.086000,0.086000,0.078000,0.102000,0.102000,0.071000,0.071000,0.071000,0.086000,0.078000,0.078000,0.070000,0.071000,0.062000,0.047000,0.070000,0.125000,0.101000,0.062000,0.047000,0.047000,0.062000,0.086000,0.086000,0.107250,0.094000,0.093000,0.078000,0.084000,0.071000,0.063000,0.063000,0.055000,0.055000,0.055000,0.078000,0.067000,0.110000,0.156000,0.164000,0.156000,0.140000,0.117000,0.117000,0.093000,0.070000,0.070000,0.078000,0.062000,0.078000,0.071000,0.078000,0.097000,0.124000,0.101000,0.085000,0.078000,0.055000,0.047000,0.047000,0.039000,0.047000,0.054000,0.046000,0.054000,0.039000,0.039000,0.039000,0.031000,0.039000,0.039000,0.039000,0.047000,0.055000,0.086000,0.086000,0.078000,0.086000,0.078000,0.062000,0.055000,0.055000,0.046000,0.055000,0.063000,0.063000,0.070000,0.078000,0.078000,0.062000,0.062000,0.086000,0.082000,0.070000,0.062000,0.055000,0.046000,0.047000,0.043000,0.070000,0.093000,0.093000,0.088000,0.094000,0.086000,0.054000,0.046000,0.039000,0.046000,0.055000,0.047000,0.053000,0.055000,0.063000,0.070000,0.063000,0.055000,0.055000,0.063000,0.070000,0.078000,0.070000,0.054000,0.062000,0.063000,0.063000,0.063000,0.078000,0.094000,0.078000,0.054000,0.062000,0.070000,0.063000,0.055000,0.070000,0.070000,0.063000,0.063000,0.076250,0.125000,0.117000,0.101000,0.086000,0.086000,0.062000,0.054000,0.054000,0.054000,0.047000,0.055000,0.055000,0.055000,0.079000,0.079000,0.078000,0.054000,0.047000,0.040750,0.046000,0.046000,0.046000,0.046000,0.046000,0.046000,0.047000,0.046000,0.086000,0.079000,0.073000,0.062000,0.070000,0.055000,0.078000,0.078000,0.078000,0.086000,0.086000,0.055000,0.055000,0.054000,0.078000,0.078000,0.058500,0.071000,0.079000,0.078000,0.062000,0.062000,0.062000,0.070000,0.086000,0.086000,0.071000,0.065000,0.055000,0.063000,0.078000,0.078000,0.079000,0.103750,0.109000,0.094000,0.078000,0.054000,0.047000,0.039000,0.047000,0.046000,0.062000,0.078000,0.086000,0.086000,0.086000,0.055000,0.062000,0.070000,0.117000,0.125000,0.117000,0.099000,0.110000,0.110000,0.102000,0.094000,0.071000,0.054000,0.047000,0.047000,0.047000,0.047000,0.062000,0.070000,0.070000,0.062000,0.086000,0.070000,0.062000,0.062000,0.070000,0.049000,0.047000,0.054000,0.054000,0.054000,0.063000,0.063000,0.063000,0.070000,0.055000,0.062000,0.070000,0.062000,0.055000,0.055000,0.054000,0.054000,0.070000,0.063000,0.062000,0.086000,0.094000,0.079000,0.062000,0.055000,0.062000,0.070000,0.062000,0.055000,0.055000,0.070000,0.055000,0.055000,0.040000,0.047000,0.039000,0.070000,0.086000,0.086000,0.084000,0.055000,0.047000,0.047000,0.039000,0.054000,0.055000,0.055000,0.047000,0.047000,0.055000,0.057000,0.063000,0.063000,0.055000
demo,RMSSD,0.036386,0.035980,0.035821,0.035323,0.035590,0.036285,0.037639,0.036866,0.036913,0.036061,0.034775,0.034189,0.034196,0.033600,0.035038,0.037041,0.036962,0.035873,0.035810,0.034122,0.031308,0.031162,0.031796,0.033829,0.034205,0.035531,0.034531,0.033356,0.032132,0.032668,0.032158,0.033498,0.034188,0.033872,0.034087,0.033679,0.034229,0.035018,0.035470,0.034940,0.035718,0.035247,0.035093,0.034418,0.033841,0.032388,0.032460,0.031484,0.032033,0.032758,0.033112,0.032678,0.032916,0.033453,0.033808,0.033520,0.034400,0.034377,0.033163,0.032248,0.031710,0.030879,0.030692,0.030867,0.031295,0.031494,0.031401,0.030799,0.030685,0.030318,0.031135,0.032050,0.032781,0.032735,0.032920,0.033408,0.032074,0.032326,0.033305,0.034700,0.033194,0.033562,0.034439,0.033014,0.031005,0.030834,0.031265,0.030058,0.030300,0.031159,0.032334,0.031753,0.031639,0.031298,0.030820,0.029782,0.029920,0.030231,0.030732,0.030700,0.030152,0.029696,0.028831,0.029274,0.029742,0.030164,0.030928,0.030878,0.029888,0.029950,0.029546,0.029717,0.029691,0.029974,0.030304,0.030770,0.030149,0.030459,0.031338,0.030770,0.031246,0.032248,0.032094,0.031746,0.031368,0.030058,0.028145,0.029457,0.028565,0.029451,0.031970,0.032858,0.031789,0.032295,0.031572,0.031474,0.031512,0.032129,0.033130,0.033687,0.033394,0.034195,0.033675,0.032055,0.032212,0.031144,0.029962,0.030928,0.031902,0.032109,0.032533,0.032146,0.031081,0.030710,0.030577,0.029389,0.030724,0.030998,0.031148,0.030331,0.031018,0.030465,0.030732,0.031086,0.031426,0.031194,0.030751,0.031455,0.029965,0.030274,0.030504,0.030845,0.029583,0.030532,0.030044,0.028972,0.029041,0.030308,0.031185,0.031676,0.032130,0.031979,0.030843,0.029538,0.028958,0.028956,0.029114,0.029573,0.029210,0.028581,0.029462,0.029320,0.028863,0.029288,0.030037,0.029295,0.028811,0.029535,0.029744,0.029615,0.030020,0.030709,0.030124,0.029536,0.029739,0.029063,0.028090,0.026943,0.026301,0.026184,0.026160,0.025505,0.026422,0.027543,0.028486,0.028082,0.029644,0.030745,0.030619,0.028885,0.030776,0.030407,0.029060,0.027771,0.027617,0.027098,0.026696,0.025851,0.027866,0.027903,0.027304,0.026965,0.027277,0.025441,0.026054,0.026308,0.027507,0.027444,0.028335,0.027940,0.027552,0.026602,0.027764,0.027624,0.028466,0.028360,0.028942,0.029144,0.028924,0.028613,0.028701,0.027478,0.026747,0.027042,0.026891,0.026713,0.027408,0.027505,0.027656,0.028324,0.028786,0.029270,0.029542,0.029948,0.030092,0.030611,0.030883,0.030426,0.030624,0.029713,0.028623,0.028550,0.028388,0.027556,0.027705,0.027299,0.027423,0.028323,0.029173,0.030898,0.031757,0.032102,0.032327,0.031671,0.030806,0.031771,0.031125,0.031147,0.031368,0.030533,0.029903,0.030576,0.030105,0.029363,0.029406,0.028659
demo,pnn50,1.000000,1.000000,1.000000,1.000000,1.000000,1.000000,1.000000,1.000000,1.000000,1.000000,1.000000,1.000000,1.000000,1.000000,1.000000,1.000000,1.000000,1.000000,1.000000,1.000000,1.000000,1.000000,1.000000,1.000000,1.000000,1.000000,1.000000,1.000000,1.000000,1.000000,1.000000,1.000000,1.000000,1.000000,1.000000,1.000000,1.000000,1.000000,1.000000,1.000000,1.000000,1.000000,1.000000,1.000000,1.000000,1.000000,1.000000,1.000000,1.000000,1.000000,1.000000,1.000000,1.000000,1.000000,1.000000,1.000000,1.000000,1.000000,1.000000,1.000000,1.000000,1.000000,1.000000,1.000000,1.000000,1.000000,1.000000,1.000000,1.000000,1.000000,1.000000,1.000000,1.000000,1.000000,1.000000,1.000000,1.000000,1.000000,1.000000,1.000000,1.000000,1.000000,1.000000,1.000000,1.000000,1.000000,1.000000,1.000000,1.000000,1.000000,1.000000,1.000000,1.000000,1.000000,1.000000,1.000000,1.000000,1.000000,1.000000,1.000000,1.000000,1.000000,1.000000,1.000000,1.000000,1.000000,1.000000,1.000000,1.000000,1.000000,1.000000,1.000000,1.000000,1.000000,1.000000,1.000000,1.000000,1.000000,1.000000,1.000000,1.000000,1.000000,1.000000,1.000000,1.000000,1.000000,1.000000,1.000000,1.000000,1.000000,1.000000,1.000000,1.000000,1.000000,1.000000,1.000000,1.000000,1.000000,1.000000,1.000000,1.000000,1.000000,1.000000,1.000000,1.000000,1.000000,1.000000,1.000000,1.000000,1.000000,1.000000,1.000000,1.000000,1.000000,1.000000,1.000000,1.000000,1.000000,1.000000,1.000000,1.000000,1.000000,1.000000,1.000000,1.000000,1.000000,1.000000,1.000000,1.000000,1.000000,1.000000,1.000000,1.000000,1.000000,1.000000,1.000000,1.000000,1.000000,1.000000,1.000000,1.000000,1.000000,1.000000,1.000000,1.000000,1.000000,1.000000,1.000000,1.000000,1.000000,1.000000,1.000000,1.000000,1.000000,1.000000,1.000000,1.000000,1.000000,1.000000,1.000000,1.000000,1.000000,1.000000,1.000000,1.000000,1.000000,1.000000,1.000000,1.000000,1.000000,1.000000,1.000000,1.000000,1.000000,1.000000,1.000000,1.000000,1.000000,1.000000,1.000000,1.000000,1.000000,1.000000,1.000000,1.000000,1.000000,1.000000,1.000000,1.000000,1.000000,1.000000,1.000000,1.000000,1.000000,1.000000,1.000000,1.000000,1.000000,1.000000,1.000000,1.000000,1.000000,1.000000,1.000000,1.000000,1.000000,1.000000,1.000000,1.000000,1.000000,1.000000,1.000000,1.000000,1.000000,1.000000,1.000000,1.000000,1.000000,1.000000,1.000000,1.000000,1.000000,1.000000,1.000000,1.000000,1.000000,1.000000,1.000000,1.000000,1.000000,1.000000,1.000000,1.000000,1.000000,1.000000,1.000000,1.000000,1.000000,1.000000,1.000000,1.000000,1.000000,1.000000,1.000000,1.000000,1.000000,1.000000,1.000000,1.000000,1.000000,1.000000,1.000000,1.000000,1.000000,1.000000,1.000000
demo,beatsdetected,363.000000,375.000000,380.000000,382.000000,383.000000,375.000000,364.000000,357.000000,355.000000,356.000000,369.000000,379.000000,382.000000,378.000000,375.000000,367.000000,360.000000,370.000000,381.000000,392.000000,401.000000,408.000000,405.000000,397.000000,387.000000,383.000000,387.000000,388.000000,392.000000,400.000000,399.000000,396.000000,393.000000,391.000000,392.000000,392.000000,385.000000,379.000000,376.000000,383.000000,387.000000,386.000000,388.000000,396.000000,394.000000,403.000000,411.000000,419.000000,421.000000,416.000000,404.000000,399.000000,395.000000,393.000000,392.000000,401.000000,408.000000,411.000000,409.000000,411.000000,409.000000,407.000000,409.000000,411.000000,407.000000,401.000000,399.000000,392.000000,387.000000,386.000000,384.000000,383.000000,382.000000,384.000000,388.000000,397.000000,409.000000,409.000000,408.000000,408.000000,406.000000,402.000000,409.000000,418.000000,426.000000,432.000000,436.000000,432.000000,428.000000,428.000000,429.000000,420.000000,420.000000,425.000000,424.000000,420.000000,426.000000,431.000000,428.000000,422.000000,420.000000,427.000000,438.000000,438.000000,441.000000,444.000000,435.000000,424.000000,424.000000,427.000000,423.000000,429.000000,430.000000,435.000000,435.000000,445.000000,452.000000,460.000000,461.000000,466.000000,458.000000,445.000000,436.000000,429.000000,422.000000,429.000000,440.000000,438.000000,440.000000,442.000000,428.000000,419.000000,420.000000,420.000000,426.000000,436.000000,435.000000,433.000000,428.000000,417.000000,410.000000,415.000000,432.000000,436.000000,443.000000,447.000000,442.000000,429.000000,430.000000,425.000000,426.000000,428.000000,433.000000,438.000000,433.000000,437.000000,436.000000,433.000000,426.000000,431.000000,425.000000,425.000000,423.000000,424.000000,424.000000,426.000000,424.000000,420.000000,424.000000,434.000000,435.000000,437.000000,448.000000,445.000000,441.000000,453.000000,455.000000,451.000000,445.000000,436.000000,419.000000,417.000000,419.000000,435.000000,447.000000,456.000000,465.000000,466.000000,459.000000,454.000000,449.000000,447.000000,445.000000,456.000000,457.000000,461.000000,457.000000,456.000000,437.000000,447.000000,442.000000,439.000000,441.000000,458.000000,454.000000,467.000000,478.000000,488.000000,487.000000,490.000000,481.000000,490.000000,481.000000,477.000000,473.000000,474.000000,464.000000,454.000000,447.000000,458.000000,458.000000,452.000000,463.000000,486.000000,482.000000,484.000000,489.000000,494.000000,479.000000,473.000000,476.000000,478.000000,478.000000,483.000000,484.000000,482.000000,481.000000,489.000000,486.000000,482.000000,481.000000,475.000000,461.000000,454.000000,450.000000,450.000000,452.000000,459.000000,469.000000,473.000000,480.000000,488.000000,483.000000,478.000000,480.000000,472.000000,473.000000,478.000000,476.000000,476.000000,486.000000,484.000000,475.000000,471.000000,465.000000,452.000000,446.000000,448.000000,447.000000,448.000000,455.000000,457.000000,457.000000,458.000000,458.000000,453.000000,444.000000,442.000000,451.000000,441.000000,431.000000,427.000000,420.000000,406.000000,412.000000,417.000000,422.000000,429.000000,435.000000,436.000000,437.000000,434.000000,433.000000,436.000000,440.000000,443.000000
demo,corrected_beats,0.000000,0.000000,0.000000,0.000000,0.000000,0.000000,0.000000,0.000000,0.000000,0.000000,0.000000,0.000000,0.000000,0.000000,0.000000,0.000000,0.000000,0.000000,0.000000,0.000000,0.000000,0.000000,0.000000,0.000000,0.000000,0.000000,0.000000,0.000000,0.000000,0.000000,0.000000,0.000000,0.000000,0.000000,0.000000,0.000000,0.000000,0.000000,0.000000,0.000000,0.000000,0.000000,0.000000,0.000000,0.000000,0.000000,0.000000,0.000000,0.000000,0.000000,0.000000,0.000000,0.000000,0.000000,0.000000,0.000000,0.000000,0.000000,0.000000,0.000000,0.000000,0.000000,0.000000,0.000000,0.000000,0.000000,0.000000,0.000000,0.000000,0.000000,0.000000,0.000000,0.000000,0.000000,0.000000,0.000000,0.000000,0.000000,0.000000,0.000000,0.000000,0.000000,0.000000,0.000000,0.000000,0.000000,0.000000,0.000000,0.000000,0.000000,0.000000,0.000000,0.000000,0.000000,0.000000,0.000000,0.000000,0.000000,0.000000,0.000000,0.000000,0.000000,0.000000,0.000000,0.000000,0.000000,0.000000,0.000000,0.000000,0.000000,1.000000,1.000000,1.000000,1.000000,1.000000,0.000000,0.000000,0.000000,0.000000,0.000000,0.000000,0.000000,0.000000,0.000000,0.000000,0.000000,0.000000,0.000000,0.000000,0.000000,0.000000,0.000000,0.000000,0.000000,0.000000,2.000000,2.000000,2.000000,2.000000,2.000000,0.000000,0.000000,0.000000,0.000000,0.000000,0.000000,0.000000,0.000000,0.000000,0.000000,0.000000,0.000000,0.000000,0.000000,0.000000,0.000000,0.000000,0.000000,0.000000,0.000000,0.000000,0.000000,0.000000,0.000000,0.000000,0.000000,0.000000,0.000000,0.000000,0.000000,0.000000,0.000000,0.000000,0.000000,0.000000,0.000000,0.000000,0.000000,0.000000,0.000000,0.000000,0.000000,0.000000,0.000000,0.000000,0.000000,0.000000,0.000000,0.000000,0.000000,1.000000,1.000000,1.000000,1.000000,1.000000,0.000000,0.000000,0.000000,0.000000,0.000000,0.000000,1.000000,1.000000,1.000000,1.000000,1.000000,0.000000,0.000000,0.000000,0.000000,0.000000,0.000000,0.000000,0.000000,0.000000,0.000000,0.000000,0.000000,0.000000,0.000000,0.000000,0.000000,0.000000,0.000000,0.000000,0.000000,0.000000,0.000000,0.000000,0.000000,0.000000,0.000000,0.000000,0.000000,0.000000,0.000000,0.000000,0.000000,0.000000,0.000000,0.000000,0.000000,0.000000,0.000000,0.000000,0.000000,0.000000,0.000000,0.000000,0.000000,0.000000,0.000000,0.000000,0.000000,0.000000,0.000000,0.000000,0.000000,0.000000,0.000000,0.000000,0.000000,0.000000,0.000000,0.000000,0.000000,0.000000,0.000000,0.000000,0.000000,0.000000,0.000000,0.000000,0.000000,0.000000,0.000000,0.000000,0.000000,0.000000,0.000000,0.000000,0.000000,0.000000,0.000000,1.000000,1.000000,1.000000,1.000000,1.000000,0.000000,0.000000,0.000000,0.000000,0.000000,0.000000,0.000000
